Record Length,2.500000e+03,,  -0.000000068000,  -0.08000,
Sample Interval,4.000000e-10,,  -0.000000067600,  -0.08000,
Trigger Point,1.700000000000e+02,,  -0.000000067200,  -0.08000,
,,,  -0.000000066800,  -0.08000,
,,,  -0.000000066400,   0.00000,
,,,  -0.000000066000,   0.00000,
Source,CH1,,  -0.000000065600,   0.08000,
Vertical Units,V,,  -0.000000065200,   0.08000,
Vertical Scale,2.000000e+00,,  -0.000000064800,   0.08000,
Vertical Offset,-6.000000e+00,,  -0.000000064400,   0.00000,
Horizontal Units,s,,  -0.000000064000,   0.00000,
Horizontal Scale,1.000000e-07,,  -0.000000063600,   0.00000,
Pt Fmt,Y,,  -0.000000063200,  -0.08000,
Yzero,0.000000e+00,,  -0.000000062800,   0.00000,
Probe Atten,1.000000e+01,,  -0.000000062400,   0.00000,
Model Number,TDS2001C,,  -0.000000062000,   0.00000,
Serial Number,C012325,,  -0.000000061600,   0.08000,
Firmware Version,FV:v24.15,,  -0.000000061200,   0.08000,
,,,-00.000000060800,   0.08000,
,,,-00.000000060400,   0.08000,
,,,-00.000000060000,   0.08000,
,,,-00.000000059600,   0.08000,
,,,-00.000000059200,   0.08000,
,,,-00.000000058800,   0.08000,
,,,-00.000000058400,   0.08000,
,,,-00.000000058000,   0.08000,
,,,-00.000000057600,   0.08000,
,,,-00.000000057200,   0.08000,
,,,-00.000000056800,   0.08000,
,,,-00.000000056400,   0.08000,
,,,-00.000000056000,   0.08000,
,,,-00.000000055600,   0.08000,
,,,-00.000000055200,   0.08000,
,,,-00.000000054800,   0.08000,
,,,-00.000000054400,   0.00000,
,,,-00.000000054000,   0.00000,
,,,-00.000000053600,   0.00000,
,,,-00.000000053200,  -0.08000,
,,,-00.000000052800,   0.00000,
,,,-00.000000052400,   0.00000,
,,,-00.000000052000,   0.00000,
,,,-00.000000051600,   0.08000,
,,,-00.000000051200,   0.00000,
,,,-00.000000050800,   0.00000,
,,,-00.000000050400,   0.00000,
,,,-00.000000050000,   0.00000,
,,,-00.000000049600,   0.08000,
,,,-00.000000049200,   0.00000,
,,,-00.000000048800,   0.00000,
,,,-00.000000048400,   0.00000,
,,,-00.000000048000,   0.00000,
,,,-00.000000047600,   0.08000,
,,,-00.000000047200,   0.08000,
,,,-00.000000046800,   0.16000,
,,,-00.000000046400,   0.08000,
,,,-00.000000046000,   0.00000,
,,,-00.000000045600,   0.00000,
,,,-00.000000045200,   0.00000,
,,,-00.000000044800,   0.00000,
,,,-00.000000044400,   0.08000,
,,,-00.000000044000,   0.08000,
,,,-00.000000043600,   0.16000,
,,,-00.000000043200,   0.08000,
,,,-00.000000042800,   0.00000,
,,,-00.000000042400,  -0.08000,
,,,-00.000000042000,  -0.08000,
,,,-00.000000041600,   0.00000,
,,,-00.000000041200,   0.00000,
,,,-00.000000040800,   0.00000,
,,,-00.000000040400,   0.08000,
,,,-00.000000040000,   0.08000,
,,,-00.000000039600,   0.08000,
,,,-00.000000039200,   0.08000,
,,,-00.000000038800,   0.08000,
,,,-00.000000038400,   0.08000,
,,,-00.000000038000,   0.08000,
,,,-00.000000037600,   0.08000,
,,,-00.000000037200,   0.08000,
,,,-00.000000036800,   0.08000,
,,,-00.000000036400,   0.08000,
,,,-00.000000036000,   0.08000,
,,,-00.000000035600,   0.08000,
,,,-00.000000035200,   0.00000,
,,,-00.000000034800,   0.00000,
,,,-00.000000034400,   0.00000,
,,,-00.000000034000,   0.00000,
,,,-00.000000033600,   0.00000,
,,,-00.000000033200,   0.00000,
,,,-00.000000032800,   0.00000,
,,,-00.000000032400,   0.00000,
,,,-00.000000032000,   0.00000,
,,,-00.000000031600,   0.00000,
,,,-00.000000031200,   0.00000,
,,,-00.000000030800,   0.00000,
,,,-00.000000030400,   0.08000,
,,,-00.000000030000,   0.08000,
,,,-00.000000029600,   0.08000,
,,,-00.000000029200,   0.00000,
,,,-00.000000028800,   0.00000,
,,,-00.000000028400,   0.00000,
,,,-00.000000028000,  -0.08000,
,,,-00.000000027600,   0.00000,
,,,-00.000000027200,   0.00000,
,,,-00.000000026800,   0.00000,
,,,-00.000000026400,   0.00000,
,,,-00.000000026000,   0.00000,
,,,-00.000000025600,   0.00000,
,,,-00.000000025200,   0.00000,
,,,-00.000000024800,   0.00000,
,,,-00.000000024400,   0.08000,
,,,-00.000000024000,   0.08000,
,,,-00.000000023600,   0.16000,
,,,-00.000000023200,   0.08000,
,,,-00.000000022800,   0.08000,
,,,-00.000000022400,   0.08000,
,,,-00.000000022000,   0.08000,
,,,-00.000000021600,   0.16000,
,,,-00.000000021200,   0.16000,
,,,-00.000000020800,   0.16000,
,,,-00.000000020400,   0.08000,
,,,-00.000000020000,   0.00000,
,,,-00.000000019600,   0.00000,
,,,-00.000000019200,  -0.08000,
,,,-00.000000018800,   0.00000,
,,,-00.000000018400,   0.00000,
,,,-00.000000018000,   0.00000,
,,,-00.000000017600,   0.00000,
,,,-00.000000017200,   0.00000,
,,,-00.000000016800,   0.00000,
,,,-00.000000016400,   0.08000,
,,,-00.000000016000,   0.08000,
,,,-00.000000015600,   0.08000,
,,,-00.000000015200,   0.08000,
,,,-00.000000014800,   0.08000,
,,,-00.000000014400,   0.00000,
,,,-00.000000014000,   0.00000,
,,,-00.000000013600,   0.00000,
,,,-00.000000013200,  -0.08000,
,,,-00.000000012800,   0.00000,
,,,-00.000000012400,   0.00000,
,,,-00.000000012000,   0.00000,
,,,-00.000000011600,   0.08000,
,,,-00.000000011200,   0.00000,
,,,-00.000000010800,   0.00000,
,,,-00.000000010400,  -0.08000,
,,,-00.000000010000,  -0.08000,
,,,-00.000000009600,   0.00000,
,,,-00.000000009200,   0.08000,
,,,-00.000000008800,   0.16000,
,,,-00.000000008400,   0.24000,
,,,-00.000000008000,   0.40000,
,,,-00.000000007600,   0.56000,
,,,-00.000000007200,   0.80000,
,,,-00.000000006800,   1.12000,
,,,-00.000000006400,   1.44000,
,,,-00.000000006000,   1.76000,
,,,-00.000000005600,   2.08000,
,,,-00.000000005200,   2.24000,
,,,-00.000000004800,   2.32000,
,,,-00.000000004400,   2.40000,
,,,-00.000000004000,   2.56000,
,,,-00.000000003600,   2.64000,
,,,-00.000000003200,   2.72000,
,,,-00.000000002800,   2.72000,
,,,-00.000000002400,   2.80000,
,,,-00.000000002000,   2.80000,
,,,-00.000000001600,   2.88000,
,,,-00.000000001200,   2.88000,
,,,-00.000000000800,   2.96000,
,,,-00.000000000400,   3.04000,
,,,-00.000000000000,   3.04000,
,,,00.000000000400,   3.04000,
,,,00.000000000800,   3.04000,
,,,00.000000001200,   3.04000,
,,,00.000000001600,   3.12000,
,,,00.000000002000,   3.12000,
,,,00.000000002400,   3.12000,
,,,00.000000002800,   3.12000,
,,,00.000000003200,   3.12000,
,,,00.000000003600,   3.12000,
,,,00.000000004000,   3.12000,
,,,00.000000004400,   3.20000,
,,,00.000000004800,   3.20000,
,,,00.000000005200,   3.28000,
,,,00.000000005600,   3.36000,
,,,00.000000006000,   3.44000,
,,,00.000000006400,   3.52000,
,,,00.000000006800,   3.52000,
,,,00.000000007200,   3.52000,
,,,00.000000007600,   3.60000,
,,,00.000000008000,   3.68000,
,,,00.000000008400,   3.76000,
,,,00.000000008800,   3.76000,
,,,00.000000009200,   3.76000,
,,,00.000000009600,   3.68000,
,,,00.000000010000,   3.68000,
,,,00.000000010400,   3.68000,
,,,00.000000010800,   3.60000,
,,,00.000000011200,   3.60000,
,,,00.000000011600,   3.60000,
,,,00.000000012000,   3.60000,
,,,00.000000012400,   3.68000,
,,,00.000000012800,   3.68000,
,,,00.000000013200,   3.68000,
,,,00.000000013600,   3.68000,
,,,00.000000014000,   3.68000,
,,,00.000000014400,   3.76000,
,,,00.000000014800,   3.76000,
,,,00.000000015200,   3.76000,
,,,00.000000015600,   3.76000,
,,,00.000000016000,   3.76000,
,,,00.000000016400,   3.84000,
,,,00.000000016800,   3.84000,
,,,00.000000017200,   3.84000,
,,,00.000000017600,   3.84000,
,,,00.000000018000,   3.84000,
,,,00.000000018400,   3.84000,
,,,00.000000018800,   3.84000,
,,,00.000000019200,   3.84000,
,,,00.000000019600,   3.76000,
,,,00.000000020000,   3.68000,
,,,00.000000020400,   3.68000,
,,,00.000000020800,   3.68000,
,,,00.000000021200,   3.68000,
,,,00.000000021600,   3.60000,
,,,00.000000022000,   3.60000,
,,,00.000000022400,   3.60000,
,,,00.000000022800,   3.52000,
,,,00.000000023200,   3.60000,
,,,00.000000023600,   3.60000,
,,,00.000000024000,   3.60000,
,,,00.000000024400,   3.68000,
,,,00.000000024800,   3.68000,
,,,00.000000025200,   3.68000,
,,,00.000000025600,   3.76000,
,,,00.000000026000,   3.76000,
,,,00.000000026400,   3.76000,
,,,00.000000026800,   3.76000,
,,,00.000000027200,   3.76000,
,,,00.000000027600,   3.68000,
,,,00.000000028000,   3.60000,
,,,00.000000028400,   3.60000,
,,,00.000000028800,   3.52000,
,,,00.000000029200,   3.60000,
,,,00.000000029600,   3.60000,
,,,00.000000030000,   3.60000,
,,,00.000000030400,   3.60000,
,,,00.000000030800,   3.60000,
,,,00.000000031200,   3.60000,
,,,00.000000031600,   3.52000,
,,,00.000000032000,   3.52000,
,,,00.000000032400,   3.52000,
,,,00.000000032800,   3.52000,
,,,00.000000033200,   3.52000,
,,,00.000000033600,   3.60000,
,,,00.000000034000,   3.60000,
,,,00.000000034400,   3.68000,
,,,00.000000034800,   3.60000,
,,,00.000000035200,   3.60000,
,,,00.000000035600,   3.60000,
,,,00.000000036000,   3.60000,
,,,00.000000036400,   3.60000,
,,,00.000000036800,   3.52000,
,,,00.000000037200,   3.52000,
,,,00.000000037600,   3.52000,
,,,00.000000038000,   3.52000,
,,,00.000000038400,   3.52000,
,,,00.000000038800,   3.44000,
,,,00.000000039200,   3.44000,
,,,00.000000039600,   3.44000,
,,,00.000000040000,   3.44000,
,,,00.000000040400,   3.44000,
,,,00.000000040800,   3.36000,
,,,00.000000041200,   3.36000,
,,,00.000000041600,   3.36000,
,,,00.000000042000,   3.36000,
,,,00.000000042400,   3.44000,
,,,00.000000042800,   3.44000,
,,,00.000000043200,   3.44000,
,,,00.000000043600,   3.36000,
,,,00.000000044000,   3.28000,
,,,00.000000044400,   3.28000,
,,,00.000000044800,   3.28000,
,,,00.000000045200,   3.28000,
,,,00.000000045600,   3.20000,
,,,00.000000046000,   3.20000,
,,,00.000000046400,   3.20000,
,,,00.000000046800,   3.12000,
,,,00.000000047200,   3.12000,
,,,00.000000047600,   3.12000,
,,,00.000000048000,   3.12000,
,,,00.000000048400,   3.12000,
,,,00.000000048800,   3.04000,
,,,00.000000049200,   2.96000,
,,,00.000000049600,   2.96000,
,,,00.000000050000,   2.96000,
,,,00.000000050400,   2.96000,
,,,00.000000050800,   2.96000,
,,,00.000000051200,   2.96000,
,,,00.000000051600,   2.96000,
,,,00.000000052000,   2.96000,
,,,00.000000052400,   2.96000,
,,,00.000000052800,   2.96000,
,,,00.000000053200,   2.96000,
,,,00.000000053600,   2.96000,
,,,00.000000054000,   2.96000,
,,,00.000000054400,   2.96000,
,,,00.000000054800,   2.96000,
,,,00.000000055200,   2.96000,
,,,00.000000055600,   2.96000,
,,,00.000000056000,   2.96000,
,,,00.000000056400,   2.96000,
,,,00.000000056800,   2.96000,
,,,00.000000057200,   2.96000,
,,,00.000000057600,   3.04000,
,,,00.000000058000,   3.04000,
,,,00.000000058400,   3.04000,
,,,00.000000058800,   2.96000,
,,,00.000000059200,   2.88000,
,,,00.000000059600,   2.88000,
,,,00.000000060000,   2.88000,
,,,00.000000060400,   2.96000,
,,,00.000000060800,   2.96000,
,,,00.000000061200,   3.04000,
,,,00.000000061600,   3.12000,
,,,00.000000062000,   3.12000,
,,,00.000000062400,   3.12000,
,,,00.000000062800,   3.04000,
,,,00.000000063200,   3.12000,
,,,00.000000063600,   3.12000,
,,,00.000000064000,   3.20000,
,,,00.000000064400,   3.28000,
,,,00.000000064800,   3.28000,
,,,00.000000065200,   3.28000,
,,,00.000000065600,   3.28000,
,,,00.000000066000,   3.28000,
,,,00.000000066400,   3.36000,
,,,00.000000066800,   3.36000,
,,,00.000000067200,   3.36000,
,,,00.000000067600,   3.36000,
,,,00.000000068000,   3.36000,
,,,00.000000068400,   3.44000,
,,,00.000000068800,   3.44000,
,,,00.000000069200,   3.44000,
,,,00.000000069600,   3.44000,
,,,00.000000070000,   3.44000,
,,,00.000000070400,   3.44000,
,,,00.000000070800,   3.44000,
,,,00.000000071200,   3.44000,
,,,00.000000071600,   3.52000,
,,,00.000000072000,   3.52000,
,,,00.000000072400,   3.52000,
,,,00.000000072800,   3.52000,
,,,00.000000073200,   3.52000,
,,,00.000000073600,   3.60000,
,,,00.000000074000,   3.60000,
,,,00.000000074400,   3.68000,
,,,00.000000074800,   3.68000,
,,,00.000000075200,   3.68000,
,,,00.000000075600,   3.60000,
,,,00.000000076000,   3.60000,
,,,00.000000076400,   3.60000,
,,,00.000000076800,   3.60000,
,,,00.000000077200,   3.60000,
,,,00.000000077600,   3.60000,
,,,00.000000078000,   3.60000,
,,,00.000000078400,   3.60000,
,,,00.000000078800,   3.60000,
,,,00.000000079200,   3.60000,
,,,00.000000079600,   3.68000,
,,,00.000000080000,   3.68000,
,,,00.000000080400,   3.68000,
,,,00.000000080800,   3.68000,
,,,00.000000081200,   3.68000,
,,,00.000000081600,   3.60000,
,,,00.000000082000,   3.60000,
,,,00.000000082400,   3.60000,
,,,00.000000082800,   3.60000,
,,,00.000000083200,   3.60000,
,,,00.000000083600,   3.60000,
,,,00.000000084000,   3.60000,
,,,00.000000084400,   3.60000,
,,,00.000000084800,   3.60000,
,,,00.000000085200,   3.60000,
,,,00.000000085600,   3.52000,
,,,00.000000086000,   3.52000,
,,,00.000000086400,   3.52000,
,,,00.000000086800,   3.52000,
,,,00.000000087200,   3.52000,
,,,00.000000087600,   3.52000,
,,,00.000000088000,   3.52000,
,,,00.000000088400,   3.52000,
,,,00.000000088800,   3.52000,
,,,00.000000089200,   3.52000,
,,,00.000000089600,   3.52000,
,,,00.000000090000,   3.52000,
,,,00.000000090400,   3.52000,
,,,00.000000090800,   3.44000,
,,,00.000000091200,   3.44000,
,,,00.000000091600,   3.44000,
,,,00.000000092000,   3.44000,
,,,00.000000092400,   3.52000,
,,,00.000000092800,   3.52000,
,,,00.000000093200,   3.52000,
,,,00.000000093600,   3.52000,
,,,00.000000094000,   3.52000,
,,,00.000000094400,   3.52000,
,,,00.000000094800,   3.44000,
,,,00.000000095200,   3.44000,
,,,00.000000095600,   3.44000,
,,,00.000000096000,   3.44000,
,,,00.000000096400,   3.44000,
,,,00.000000096800,   3.36000,
,,,00.000000097200,   3.36000,
,,,00.000000097600,   3.36000,
,,,00.000000098000,   3.28000,
,,,00.000000098400,   3.36000,
,,,00.000000098800,   3.36000,
,,,00.000000099200,   3.36000,
,,,00.000000099600,   3.44000,
,,,00.000000100000,   3.44000,
,,,00.000000100400,   3.44000,
,,,00.000000100800,   3.44000,
,,,00.000000101200,   3.44000,
,,,00.000000101600,   3.36000,
,,,00.000000102000,   3.36000,
,,,00.000000102400,   3.36000,
,,,00.000000102800,   3.36000,
,,,00.000000103200,   3.36000,
,,,00.000000103600,   3.28000,
,,,00.000000104000,   3.28000,
,,,00.000000104400,   3.28000,
,,,00.000000104800,   3.28000,
,,,00.000000105200,   3.28000,
,,,00.000000105600,   3.28000,
,,,00.000000106000,   3.28000,
,,,00.000000106400,   3.28000,
,,,00.000000106800,   3.20000,
,,,00.000000107200,   3.20000,
,,,00.000000107600,   3.20000,
,,,00.000000108000,   3.20000,
,,,00.000000108400,   3.28000,
,,,00.000000108800,   3.28000,
,,,00.000000109200,   3.28000,
,,,00.000000109600,   3.28000,
,,,00.000000110000,   3.28000,
,,,00.000000110400,   3.28000,
,,,00.000000110800,   3.28000,
,,,00.000000111200,   3.28000,
,,,00.000000111600,   3.20000,
,,,00.000000112000,   3.20000,
,,,00.000000112400,   3.20000,
,,,00.000000112800,   3.20000,
,,,00.000000113200,   3.20000,
,,,00.000000113600,   3.12000,
,,,00.000000114000,   3.12000,
,,,00.000000114400,   3.12000,
,,,00.000000114800,   3.04000,
,,,00.000000115200,   3.12000,
,,,00.000000115600,   3.12000,
,,,00.000000116000,   3.12000,
,,,00.000000116400,   3.20000,
,,,00.000000116800,   3.20000,
,,,00.000000117200,   3.20000,
,,,00.000000117600,   3.12000,
,,,00.000000118000,   3.12000,
,,,00.000000118400,   3.12000,
,,,00.000000118800,   3.04000,
,,,00.000000119200,   3.12000,
,,,00.000000119600,   3.12000,
,,,00.000000120000,   3.12000,
,,,00.000000120400,   3.20000,
,,,00.000000120800,   3.20000,
,,,00.000000121200,   3.20000,
,,,00.000000121600,   3.20000,
,,,00.000000122000,   3.20000,
,,,00.000000122400,   3.20000,
,,,00.000000122800,   3.20000,
,,,00.000000123200,   3.20000,
,,,00.000000123600,   3.20000,
,,,00.000000124000,   3.20000,
,,,00.000000124400,   3.20000,
,,,00.000000124800,   3.20000,
,,,00.000000125200,   3.20000,
,,,00.000000125600,   3.20000,
,,,00.000000126000,   3.20000,
,,,00.000000126400,   3.20000,
,,,00.000000126800,   3.12000,
,,,00.000000127200,   3.20000,
,,,00.000000127600,   3.20000,
,,,00.000000128000,   3.28000,
,,,00.000000128400,   3.36000,
,,,00.000000128800,   3.36000,
,,,00.000000129200,   3.36000,
,,,00.000000129600,   3.36000,
,,,00.000000130000,   3.36000,
,,,00.000000130400,   3.44000,
,,,00.000000130800,   3.44000,
,,,00.000000131200,   3.44000,
,,,00.000000131600,   3.44000,
,,,00.000000132000,   3.44000,
,,,00.000000132400,   3.44000,
,,,00.000000132800,   3.44000,
,,,00.000000133200,   3.44000,
,,,00.000000133600,   3.52000,
,,,00.000000134000,   3.52000,
,,,00.000000134400,   3.52000,
,,,00.000000134800,   3.52000,
,,,00.000000135200,   3.52000,
,,,00.000000135600,   3.52000,
,,,00.000000136000,   3.52000,
,,,00.000000136400,   3.52000,
,,,00.000000136800,   3.44000,
,,,00.000000137200,   3.52000,
,,,00.000000137600,   3.52000,
,,,00.000000138000,   3.60000,
,,,00.000000138400,   3.68000,
,,,00.000000138800,   3.68000,
,,,00.000000139200,   3.68000,
,,,00.000000139600,   3.60000,
,,,00.000000140000,   3.60000,
,,,00.000000140400,   3.60000,
,,,00.000000140800,   3.60000,
,,,00.000000141200,   3.60000,
,,,00.000000141600,   3.60000,
,,,00.000000142000,   3.60000,
,,,00.000000142400,   3.60000,
,,,00.000000142800,   3.60000,
,,,00.000000143200,   3.60000,
,,,00.000000143600,   3.60000,
,,,00.000000144000,   3.60000,
,,,00.000000144400,   3.68000,
,,,00.000000144800,   3.68000,
,,,00.000000145200,   3.68000,
,,,00.000000145600,   3.60000,
,,,00.000000146000,   3.60000,
,,,00.000000146400,   3.60000,
,,,00.000000146800,   3.60000,
,,,00.000000147200,   3.60000,
,,,00.000000147600,   3.60000,
,,,00.000000148000,   3.60000,
,,,00.000000148400,   3.60000,
,,,00.000000148800,   3.52000,
,,,00.000000149200,   3.44000,
,,,00.000000149600,   3.44000,
,,,00.000000150000,   3.44000,
,,,00.000000150400,   3.52000,
,,,00.000000150800,   3.44000,
,,,00.000000151200,   3.44000,
,,,00.000000151600,   3.44000,
,,,00.000000152000,   3.44000,
,,,00.000000152400,   3.44000,
,,,00.000000152800,   3.44000,
,,,00.000000153200,   3.44000,
,,,00.000000153600,   3.36000,
,,,00.000000154000,   3.36000,
,,,00.000000154400,   3.36000,
,,,00.000000154800,   3.28000,
,,,00.000000155200,   3.36000,
,,,00.000000155600,   3.36000,
,,,00.000000156000,   3.36000,
,,,00.000000156400,   3.44000,
,,,00.000000156800,   3.44000,
,,,00.000000157200,   3.44000,
,,,00.000000157600,   3.36000,
,,,00.000000158000,   3.36000,
,,,00.000000158400,   3.36000,
,,,00.000000158800,   3.36000,
,,,00.000000159200,   3.36000,
,,,00.000000159600,   3.36000,
,,,00.000000160000,   3.36000,
,,,00.000000160400,   3.36000,
,,,00.000000160800,   3.36000,
,,,00.000000161200,   3.36000,
,,,00.000000161600,   3.36000,
,,,00.000000162000,   3.36000,
,,,00.000000162400,   3.36000,
,,,00.000000162800,   3.36000,
,,,00.000000163200,   3.36000,
,,,00.000000163600,   3.44000,
,,,00.000000164000,   3.44000,
,,,00.000000164400,   3.44000,
,,,00.000000164800,   3.36000,
,,,00.000000165200,   3.28000,
,,,00.000000165600,   3.28000,
,,,00.000000166000,   3.28000,
,,,00.000000166400,   3.28000,
,,,00.000000166800,   3.28000,
,,,00.000000167200,   3.28000,
,,,00.000000167600,   3.28000,
,,,00.000000168000,   3.28000,
,,,00.000000168400,   3.28000,
,,,00.000000168800,   3.28000,
,,,00.000000169200,   3.28000,
,,,00.000000169600,   3.36000,
,,,00.000000170000,   3.36000,
,,,00.000000170400,   3.36000,
,,,00.000000170800,   3.28000,
,,,00.000000171200,   3.20000,
,,,00.000000171600,   3.20000,
,,,00.000000172000,   3.20000,
,,,00.000000172400,   3.28000,
,,,00.000000172800,   3.28000,
,,,00.000000173200,   3.28000,
,,,00.000000173600,   3.28000,
,,,00.000000174000,   3.28000,
,,,00.000000174400,   3.36000,
,,,00.000000174800,   3.36000,
,,,00.000000175200,   3.36000,
,,,00.000000175600,   3.28000,
,,,00.000000176000,   3.28000,
,,,00.000000176400,   3.28000,
,,,00.000000176800,   3.28000,
,,,00.000000177200,   3.28000,
,,,00.000000177600,   3.28000,
,,,00.000000178000,   3.28000,
,,,00.000000178400,   3.28000,
,,,00.000000178800,   3.28000,
,,,00.000000179200,   3.28000,
,,,00.000000179600,   3.28000,
,,,00.000000180000,   3.28000,
,,,00.000000180400,   3.36000,
,,,00.000000180800,   3.36000,
,,,00.000000181200,   3.36000,
,,,00.000000181600,   3.28000,
,,,00.000000182000,   3.20000,
,,,00.000000182400,   3.20000,
,,,00.000000182800,   3.20000,
,,,00.000000183200,   3.20000,
,,,00.000000183600,   3.28000,
,,,00.000000184000,   3.28000,
,,,00.000000184400,   3.28000,
,,,00.000000184800,   3.28000,
,,,00.000000185200,   3.28000,
,,,00.000000185600,   3.36000,
,,,00.000000186000,   3.36000,
,,,00.000000186400,   3.36000,
,,,00.000000186800,   3.36000,
,,,00.000000187200,   3.36000,
,,,00.000000187600,   3.28000,
,,,00.000000188000,   3.28000,
,,,00.000000188400,   3.28000,
,,,00.000000188800,   3.28000,
,,,00.000000189200,   3.28000,
,,,00.000000189600,   3.36000,
,,,00.000000190000,   3.36000,
,,,00.000000190400,   3.36000,
,,,00.000000190800,   3.36000,
,,,00.000000191200,   3.36000,
,,,00.000000191600,   3.44000,
,,,00.000000192000,   3.44000,
,,,00.000000192400,   3.52000,
,,,00.000000192800,   3.44000,
,,,00.000000193200,   3.44000,
,,,00.000000193600,   3.44000,
,,,00.000000194000,   3.44000,
,,,00.000000194400,   3.44000,
,,,00.000000194800,   3.44000,
,,,00.000000195200,   3.44000,
,,,00.000000195600,   3.44000,
,,,00.000000196000,   3.44000,
,,,00.000000196400,   3.52000,
,,,00.000000196800,   3.52000,
,,,00.000000197200,   3.52000,
,,,00.000000197600,   3.52000,
,,,00.000000198000,   3.52000,
,,,00.000000198400,   3.52000,
,,,00.000000198800,   3.52000,
,,,00.000000199200,   3.52000,
,,,00.000000199600,   3.44000,
,,,00.000000200000,   3.44000,
,,,00.000000200400,   3.44000,
,,,00.000000200800,   3.44000,
,,,00.000000201200,   3.44000,
,,,00.000000201600,   3.52000,
,,,00.000000202000,   3.52000,
,,,00.000000202400,   3.52000,
,,,00.000000202800,   3.44000,
,,,00.000000203200,   3.44000,
,,,00.000000203600,   3.44000,
,,,00.000000204000,   3.36000,
,,,00.000000204400,   3.44000,
,,,00.000000204800,   3.44000,
,,,00.000000205200,   3.44000,
,,,00.000000205600,   3.44000,
,,,00.000000206000,   3.44000,
,,,00.000000206400,   3.44000,
,,,00.000000206800,   3.36000,
,,,00.000000207200,   3.44000,
,,,00.000000207600,   3.44000,
,,,00.000000208000,   3.44000,
,,,00.000000208400,   3.52000,
,,,00.000000208800,   3.44000,
,,,00.000000209200,   3.44000,
,,,00.000000209600,   3.44000,
,,,00.000000210000,   3.44000,
,,,00.000000210400,   3.52000,
,,,00.000000210800,   3.44000,
,,,00.000000211200,   3.44000,
,,,00.000000211600,   3.44000,
,,,00.000000212000,   3.44000,
,,,00.000000212400,   3.52000,
,,,00.000000212800,   3.44000,
,,,00.000000213200,   3.44000,
,,,00.000000213600,   3.44000,
,,,00.000000214000,   3.44000,
,,,00.000000214400,   3.52000,
,,,00.000000214800,   3.52000,
,,,00.000000215200,   3.52000,
,,,00.000000215600,   3.44000,
,,,00.000000216000,   3.44000,
,,,00.000000216400,   3.44000,
,,,00.000000216800,   3.44000,
,,,00.000000217200,   3.44000,
,,,00.000000217600,   3.36000,
,,,00.000000218000,   3.36000,
,,,00.000000218400,   3.36000,
,,,00.000000218800,   3.36000,
,,,00.000000219200,   3.36000,
,,,00.000000219600,   3.44000,
,,,00.000000220000,   3.44000,
,,,00.000000220400,   3.44000,
,,,00.000000220800,   3.44000,
,,,00.000000221200,   3.44000,
,,,00.000000221600,   3.44000,
,,,00.000000222000,   3.44000,
,,,00.000000222400,   3.44000,
,,,00.000000222800,   3.36000,
,,,00.000000223200,   3.36000,
,,,00.000000223600,   3.36000,
,,,00.000000224000,   3.36000,
,,,00.000000224400,   3.44000,
,,,00.000000224800,   3.44000,
,,,00.000000225200,   3.44000,
,,,00.000000225600,   3.36000,
,,,00.000000226000,   3.36000,
,,,00.000000226400,   3.36000,
,,,00.000000226800,   3.36000,
,,,00.000000227200,   3.36000,
,,,00.000000227600,   3.36000,
,,,00.000000228000,   3.36000,
,,,00.000000228400,   3.36000,
,,,00.000000228800,   3.36000,
,,,00.000000229200,   3.36000,
,,,00.000000229600,   3.28000,
,,,00.000000230000,   3.28000,
,,,00.000000230400,   3.28000,
,,,00.000000230800,   3.20000,
,,,00.000000231200,   3.28000,
,,,00.000000231600,   3.28000,
,,,00.000000232000,   3.28000,
,,,00.000000232400,   3.36000,
,,,00.000000232800,   3.28000,
,,,00.000000233200,   3.28000,
,,,00.000000233600,   3.28000,
,,,00.000000234000,   3.20000,
,,,00.000000234400,   3.28000,
,,,00.000000234800,   3.28000,
,,,00.000000235200,   3.28000,
,,,00.000000235600,   3.28000,
,,,00.000000236000,   3.28000,
,,,00.000000236400,   3.28000,
,,,00.000000236800,   3.28000,
,,,00.000000237200,   3.28000,
,,,00.000000237600,   3.36000,
,,,00.000000238000,   3.36000,
,,,00.000000238400,   3.36000,
,,,00.000000238800,   3.28000,
,,,00.000000239200,   3.28000,
,,,00.000000239600,   3.28000,
,,,00.000000240000,   3.28000,
,,,00.000000240400,   3.28000,
,,,00.000000240800,   3.28000,
,,,00.000000241200,   3.28000,
,,,00.000000241600,   3.28000,
,,,00.000000242000,   3.28000,
,,,00.000000242400,   3.28000,
,,,00.000000242800,   3.28000,
,,,00.000000243200,   3.28000,
,,,00.000000243600,   3.20000,
,,,00.000000244000,   3.20000,
,,,00.000000244400,   3.20000,
,,,00.000000244800,   3.20000,
,,,00.000000245200,   3.20000,
,,,00.000000245600,   3.28000,
,,,00.000000246000,   3.28000,
,,,00.000000246400,   3.36000,
,,,00.000000246800,   3.28000,
,,,00.000000247200,   3.28000,
,,,00.000000247600,   3.28000,
,,,00.000000248000,   3.28000,
,,,00.000000248400,   3.36000,
,,,00.000000248800,   3.28000,
,,,00.000000249200,   3.28000,
,,,00.000000249600,   3.20000,
,,,00.000000250000,   3.20000,
,,,00.000000250400,   3.28000,
,,,00.000000250800,   3.28000,
,,,00.000000251200,   3.36000,
,,,00.000000251600,   3.44000,
,,,00.000000252000,   3.44000,
,,,00.000000252400,   3.44000,
,,,00.000000252800,   3.36000,
,,,00.000000253200,   3.36000,
,,,00.000000253600,   3.36000,
,,,00.000000254000,   3.28000,
,,,00.000000254400,   3.36000,
,,,00.000000254800,   3.36000,
,,,00.000000255200,   3.36000,
,,,00.000000255600,   3.44000,
,,,00.000000256000,   3.44000,
,,,00.000000256400,   3.44000,
,,,00.000000256800,   3.44000,
,,,00.000000257200,   3.44000,
,,,00.000000257600,   3.44000,
,,,00.000000258000,   3.44000,
,,,00.000000258400,   3.44000,
,,,00.000000258800,   3.44000,
,,,00.000000259200,   3.44000,
,,,00.000000259600,   3.44000,
,,,00.000000260000,   3.44000,
,,,00.000000260400,   3.44000,
,,,00.000000260800,   3.44000,
,,,00.000000261200,   3.44000,
,,,00.000000261600,   3.52000,
,,,00.000000262000,   3.52000,
,,,00.000000262400,   3.52000,
,,,00.000000262800,   3.44000,
,,,00.000000263200,   3.44000,
,,,00.000000263600,   3.36000,
,,,00.000000264000,   3.36000,
,,,00.000000264400,   3.44000,
,,,00.000000264800,   3.44000,
,,,00.000000265200,   3.52000,
,,,00.000000265600,   3.60000,
,,,00.000000266000,   3.60000,
,,,00.000000266400,   3.60000,
,,,00.000000266800,   3.52000,
,,,00.000000267200,   3.52000,
,,,00.000000267600,   3.52000,
,,,00.000000268000,   3.52000,
,,,00.000000268400,   3.52000,
,,,00.000000268800,   3.52000,
,,,00.000000269200,   3.52000,
,,,00.000000269600,   3.52000,
,,,00.000000270000,   3.52000,
,,,00.000000270400,   3.52000,
,,,00.000000270800,   3.52000,
,,,00.000000271200,   3.52000,
,,,00.000000271600,   3.52000,
,,,00.000000272000,   3.52000,
,,,00.000000272400,   3.52000,
,,,00.000000272800,   3.52000,
,,,00.000000273200,   3.52000,
,,,00.000000273600,   3.44000,
,,,00.000000274000,   3.44000,
,,,00.000000274400,   3.44000,
,,,00.000000274800,   3.44000,
,,,00.000000275200,   3.44000,
,,,00.000000275600,   3.44000,
,,,00.000000276000,   3.44000,
,,,00.000000276400,   3.44000,
,,,00.000000276800,   3.44000,
,,,00.000000277200,   3.44000,
,,,00.000000277600,   3.44000,
,,,00.000000278000,   3.44000,
,,,00.000000278400,   3.44000,
,,,00.000000278800,   3.44000,
,,,00.000000279200,   3.44000,
,,,00.000000279600,   3.44000,
,,,00.000000280000,   3.44000,
,,,00.000000280400,   3.44000,
,,,00.000000280800,   3.44000,
,,,00.000000281200,   3.44000,
,,,00.000000281600,   3.36000,
,,,00.000000282000,   3.36000,
,,,00.000000282400,   3.36000,
,,,00.000000282800,   3.36000,
,,,00.000000283200,   3.36000,
,,,00.000000283600,   3.36000,
,,,00.000000284000,   3.36000,
,,,00.000000284400,   3.36000,
,,,00.000000284800,   3.36000,
,,,00.000000285200,   3.36000,
,,,00.000000285600,   3.36000,
,,,00.000000286000,   3.36000,
,,,00.000000286400,   3.36000,
,,,00.000000286800,   3.36000,
,,,00.000000287200,   3.36000,
,,,00.000000287600,   3.28000,
,,,00.000000288000,   3.28000,
,,,00.000000288400,   3.28000,
,,,00.000000288800,   3.20000,
,,,00.000000289200,   3.20000,
,,,00.000000289600,   3.20000,
,,,00.000000290000,   3.20000,
,,,00.000000290400,   3.28000,
,,,00.000000290800,   3.28000,
,,,00.000000291200,   3.36000,
,,,00.000000291600,   3.28000,
,,,00.000000292000,   3.28000,
,,,00.000000292400,   3.28000,
,,,00.000000292800,   3.28000,
,,,00.000000293200,   3.28000,
,,,00.000000293600,   3.36000,
,,,00.000000294000,   3.36000,
,,,00.000000294400,   3.36000,
,,,00.000000294800,   3.28000,
,,,00.000000295200,   3.28000,
,,,00.000000295600,   3.28000,
,,,00.000000296000,   3.20000,
,,,00.000000296400,   3.28000,
,,,00.000000296800,   3.28000,
,,,00.000000297200,   3.28000,
,,,00.000000297600,   3.28000,
,,,00.000000298000,   3.28000,
,,,00.000000298400,   3.28000,
,,,00.000000298800,   3.28000,
,,,00.000000299200,   3.28000,
,,,00.000000299600,   3.28000,
,,,00.000000300000,   3.28000,
,,,00.000000300400,   3.28000,
,,,00.000000300800,   3.28000,
,,,00.000000301200,   3.28000,
,,,00.000000301600,   3.20000,
,,,00.000000302000,   3.20000,
,,,00.000000302400,   3.20000,
,,,00.000000302800,   3.12000,
,,,00.000000303200,   3.20000,
,,,00.000000303600,   3.20000,
,,,00.000000304000,   3.20000,
,,,00.000000304400,   3.28000,
,,,00.000000304800,   3.28000,
,,,00.000000305200,   3.28000,
,,,00.000000305600,   3.20000,
,,,00.000000306000,   3.20000,
,,,00.000000306400,   3.20000,
,,,00.000000306800,   3.20000,
,,,00.000000307200,   3.28000,
,,,00.000000307600,   3.36000,
,,,00.000000308000,   3.28000,
,,,00.000000308400,   3.28000,
,,,00.000000308800,   3.28000,
,,,00.000000309200,   3.28000,
,,,00.000000309600,   3.36000,
,,,00.000000310000,   3.36000,
,,,00.000000310400,   3.36000,
,,,00.000000310800,   3.36000,
,,,00.000000311200,   3.36000,
,,,00.000000311600,   3.28000,
,,,00.000000312000,   3.28000,
,,,00.000000312400,   3.28000,
,,,00.000000312800,   3.28000,
,,,00.000000313200,   3.28000,
,,,00.000000313600,   3.36000,
,,,00.000000314000,   3.36000,
,,,00.000000314400,   3.44000,
,,,00.000000314800,   3.44000,
,,,00.000000315200,   3.44000,
,,,00.000000315600,   3.36000,
,,,00.000000316000,   3.36000,
,,,00.000000316400,   3.36000,
,,,00.000000316800,   3.36000,
,,,00.000000317200,   3.36000,
,,,00.000000317600,   3.44000,
,,,00.000000318000,   3.44000,
,,,00.000000318400,   3.44000,
,,,00.000000318800,   3.44000,
,,,00.000000319200,   3.44000,
,,,00.000000319600,   3.44000,
,,,00.000000320000,   3.44000,
,,,00.000000320400,   3.52000,
,,,00.000000320800,   3.44000,
,,,00.000000321200,   3.44000,
,,,00.000000321600,   3.44000,
,,,00.000000322000,   3.44000,
,,,00.000000322400,   3.52000,
,,,00.000000322800,   3.44000,
,,,00.000000323200,   3.44000,
,,,00.000000323600,   3.44000,
,,,00.000000324000,   3.36000,
,,,00.000000324400,   3.44000,
,,,00.000000324800,   3.44000,
,,,00.000000325200,   3.44000,
,,,00.000000325600,   3.52000,
,,,00.000000326000,   3.52000,
,,,00.000000326400,   3.52000,
,,,00.000000326800,   3.44000,
,,,00.000000327200,   3.44000,
,,,00.000000327600,   3.36000,
,,,00.000000328000,   3.36000,
,,,00.000000328400,   3.44000,
,,,00.000000328800,   3.44000,
,,,00.000000329200,   3.52000,
,,,00.000000329600,   3.60000,
,,,00.000000330000,   3.52000,
,,,00.000000330400,   3.52000,
,,,00.000000330800,   3.44000,
,,,00.000000331200,   3.44000,
,,,00.000000331600,   3.44000,
,,,00.000000332000,   3.44000,
,,,00.000000332400,   3.52000,
,,,00.000000332800,   3.44000,
,,,00.000000333200,   3.44000,
,,,00.000000333600,   3.44000,
,,,00.000000334000,   3.44000,
,,,00.000000334400,   3.52000,
,,,00.000000334800,   3.52000,
,,,00.000000335200,   3.52000,
,,,00.000000335600,   3.44000,
,,,00.000000336000,   3.44000,
,,,00.000000336400,   3.44000,
,,,00.000000336800,   3.44000,
,,,00.000000337200,   3.44000,
,,,00.000000337600,   3.52000,
,,,00.000000338000,   3.52000,
,,,00.000000338400,   3.52000,
,,,00.000000338800,   3.44000,
,,,00.000000339200,   3.44000,
,,,00.000000339600,   3.44000,
,,,00.000000340000,   3.44000,
,,,00.000000340400,   3.44000,
,,,00.000000340800,   3.44000,
,,,00.000000341200,   3.44000,
,,,00.000000341600,   3.44000,
,,,00.000000342000,   3.44000,
,,,00.000000342400,   3.44000,
,,,00.000000342800,   3.36000,
,,,00.000000343200,   3.36000,
,,,00.000000343600,   3.36000,
,,,00.000000344000,   3.28000,
,,,00.000000344400,   3.36000,
,,,00.000000344800,   3.36000,
,,,00.000000345200,   3.36000,
,,,00.000000345600,   3.36000,
,,,00.000000346000,   3.36000,
,,,00.000000346400,   3.36000,
,,,00.000000346800,   3.36000,
,,,00.000000347200,   3.36000,
,,,00.000000347600,   3.36000,
,,,00.000000348000,   3.36000,
,,,00.000000348400,   3.36000,
,,,00.000000348800,   3.36000,
,,,00.000000349200,   3.36000,
,,,00.000000349600,   3.36000,
,,,00.000000350000,   3.36000,
,,,00.000000350400,   3.36000,
,,,00.000000350800,   3.36000,
,,,00.000000351200,   3.36000,
,,,00.000000351600,   3.28000,
,,,00.000000352000,   3.28000,
,,,00.000000352400,   3.28000,
,,,00.000000352800,   3.28000,
,,,00.000000353200,   3.28000,
,,,00.000000353600,   3.36000,
,,,00.000000354000,   3.36000,
,,,00.000000354400,   3.36000,
,,,00.000000354800,   3.28000,
,,,00.000000355200,   3.28000,
,,,00.000000355600,   3.28000,
,,,00.000000356000,   3.28000,
,,,00.000000356400,   3.36000,
,,,00.000000356800,   3.28000,
,,,00.000000357200,   3.28000,
,,,00.000000357600,   3.28000,
,,,00.000000358000,   3.28000,
,,,00.000000358400,   3.36000,
,,,00.000000358800,   3.28000,
,,,00.000000359200,   3.28000,
,,,00.000000359600,   3.28000,
,,,00.000000360000,   3.20000,
,,,00.000000360400,   3.28000,
,,,00.000000360800,   3.28000,
,,,00.000000361200,   3.28000,
,,,00.000000361600,   3.36000,
,,,00.000000362000,   3.36000,
,,,00.000000362400,   3.36000,
,,,00.000000362800,   3.28000,
,,,00.000000363200,   3.28000,
,,,00.000000363600,   3.28000,
,,,00.000000364000,   3.20000,
,,,00.000000364400,   3.28000,
,,,00.000000364800,   3.28000,
,,,00.000000365200,   3.28000,
,,,00.000000365600,   3.36000,
,,,00.000000366000,   3.36000,
,,,00.000000366400,   3.36000,
,,,00.000000366800,   3.36000,
,,,00.000000367200,   3.36000,
,,,00.000000367600,   3.28000,
,,,00.000000368000,   3.28000,
,,,00.000000368400,   3.28000,
,,,00.000000368800,   3.28000,
,,,00.000000369200,   3.28000,
,,,00.000000369600,   3.28000,
,,,00.000000370000,   3.28000,
,,,00.000000370400,   3.28000,
,,,00.000000370800,   3.20000,
,,,00.000000371200,   3.28000,
,,,00.000000371600,   3.28000,
,,,00.000000372000,   3.28000,
,,,00.000000372400,   3.36000,
,,,00.000000372800,   3.36000,
,,,00.000000373200,   3.44000,
,,,00.000000373600,   3.36000,
,,,00.000000374000,   3.36000,
,,,00.000000374400,   3.36000,
,,,00.000000374800,   3.28000,
,,,00.000000375200,   3.36000,
,,,00.000000375600,   3.36000,
,,,00.000000376000,   3.36000,
,,,00.000000376400,   3.44000,
,,,00.000000376800,   3.36000,
,,,00.000000377200,   3.36000,
,,,00.000000377600,   3.36000,
,,,00.000000378000,   3.36000,
,,,00.000000378400,   3.44000,
,,,00.000000378800,   3.44000,
,,,00.000000379200,   3.44000,
,,,00.000000379600,   3.44000,
,,,00.000000380000,   3.44000,
,,,00.000000380400,   3.44000,
,,,00.000000380800,   3.44000,
,,,00.000000381200,   3.44000,
,,,00.000000381600,   3.44000,
,,,00.000000382000,   3.44000,
,,,00.000000382400,   3.44000,
,,,00.000000382800,   3.36000,
,,,00.000000383200,   3.36000,
,,,00.000000383600,   3.36000,
,,,00.000000384000,   3.36000,
,,,00.000000384400,   3.44000,
,,,00.000000384800,   3.44000,
,,,00.000000385200,   3.44000,
,,,00.000000385600,   3.52000,
,,,00.000000386000,   3.52000,
,,,00.000000386400,   3.52000,
,,,00.000000386800,   3.52000,
,,,00.000000387200,   3.52000,
,,,00.000000387600,   3.44000,
,,,00.000000388000,   3.44000,
,,,00.000000388400,   3.44000,
,,,00.000000388800,   3.36000,
,,,00.000000389200,   3.36000,
,,,00.000000389600,   3.36000,
,,,00.000000390000,   3.28000,
,,,00.000000390400,   3.36000,
,,,00.000000390800,   3.36000,
,,,00.000000391200,   3.36000,
,,,00.000000391600,   3.44000,
,,,00.000000392000,   3.44000,
,,,00.000000392400,   3.52000,
,,,00.000000392800,   3.52000,
,,,00.000000393200,   3.52000,
,,,00.000000393600,   3.44000,
,,,00.000000394000,   3.44000,
,,,00.000000394400,   3.44000,
,,,00.000000394800,   3.44000,
,,,00.000000395200,   3.44000,
,,,00.000000395600,   3.52000,
,,,00.000000396000,   3.52000,
,,,00.000000396400,   3.52000,
,,,00.000000396800,   3.44000,
,,,00.000000397200,   3.44000,
,,,00.000000397600,   3.44000,
,,,00.000000398000,   3.44000,
,,,00.000000398400,   3.52000,
,,,00.000000398800,   3.44000,
,,,00.000000399200,   3.44000,
,,,00.000000399600,   3.44000,
,,,00.000000400000,   3.44000,
,,,00.000000400400,   3.44000,
,,,00.000000400800,   3.36000,
,,,00.000000401200,   3.36000,
,,,00.000000401600,   3.36000,
,,,00.000000402000,   3.36000,
,,,00.000000402400,   3.44000,
,,,00.000000402800,   3.36000,
,,,00.000000403200,   3.36000,
,,,00.000000403600,   3.36000,
,,,00.000000404000,   3.36000,
,,,00.000000404400,   3.36000,
,,,00.000000404800,   3.36000,
,,,00.000000405200,   3.36000,
,,,00.000000405600,   3.36000,
,,,00.000000406000,   3.36000,
,,,00.000000406400,   3.36000,
,,,00.000000406800,   3.36000,
,,,00.000000407200,   3.36000,
,,,00.000000407600,   3.36000,
,,,00.000000408000,   3.36000,
,,,00.000000408400,   3.44000,
,,,00.000000408800,   3.36000,
,,,00.000000409200,   3.36000,
,,,00.000000409600,   3.28000,
,,,00.000000410000,   3.28000,
,,,00.000000410400,   3.28000,
,,,00.000000410800,   3.28000,
,,,00.000000411200,   3.28000,
,,,00.000000411600,   3.28000,
,,,00.000000412000,   3.28000,
,,,00.000000412400,   3.28000,
,,,00.000000412800,   3.28000,
,,,00.000000413200,   3.28000,
,,,00.000000413600,   3.36000,
,,,00.000000414000,   3.36000,
,,,00.000000414400,   3.36000,
,,,00.000000414800,   3.28000,
,,,00.000000415200,   3.28000,
,,,00.000000415600,   3.28000,
,,,00.000000416000,   3.28000,
,,,00.000000416400,   3.36000,
,,,00.000000416800,   3.36000,
,,,00.000000417200,   3.36000,
,,,00.000000417600,   3.36000,
,,,00.000000418000,   3.36000,
,,,00.000000418400,   3.36000,
,,,00.000000418800,   3.36000,
,,,00.000000419200,   3.36000,
,,,00.000000419600,   3.36000,
,,,00.000000420000,   3.36000,
,,,00.000000420400,   3.36000,
,,,00.000000420800,   3.36000,
,,,00.000000421200,   3.36000,
,,,00.000000421600,   3.28000,
,,,00.000000422000,   3.28000,
,,,00.000000422400,   3.28000,
,,,00.000000422800,   3.28000,
,,,00.000000423200,   3.28000,
,,,00.000000423600,   3.36000,
,,,00.000000424000,   3.36000,
,,,00.000000424400,   3.36000,
,,,00.000000424800,   3.28000,
,,,00.000000425200,   3.28000,
,,,00.000000425600,   3.28000,
,,,00.000000426000,   3.20000,
,,,00.000000426400,   3.28000,
,,,00.000000426800,   3.28000,
,,,00.000000427200,   3.28000,
,,,00.000000427600,   3.36000,
,,,00.000000428000,   3.36000,
,,,00.000000428400,   3.36000,
,,,00.000000428800,   3.36000,
,,,00.000000429200,   3.36000,
,,,00.000000429600,   3.36000,
,,,00.000000430000,   3.36000,
,,,00.000000430400,   3.36000,
,,,00.000000430800,   3.28000,
,,,00.000000431200,   3.28000,
,,,00.000000431600,   3.28000,
,,,00.000000432000,   3.28000,
,,,00.000000432400,   3.36000,
,,,00.000000432800,   3.36000,
,,,00.000000433200,   3.36000,
,,,00.000000433600,   3.44000,
,,,00.000000434000,   3.44000,
,,,00.000000434400,   3.44000,
,,,00.000000434800,   3.36000,
,,,00.000000435200,   3.36000,
,,,00.000000435600,   3.36000,
,,,00.000000436000,   3.28000,
,,,00.000000436400,   3.36000,
,,,00.000000436800,   3.36000,
,,,00.000000437200,   3.36000,
,,,00.000000437600,   3.44000,
,,,00.000000438000,   3.44000,
,,,00.000000438400,   3.44000,
,,,00.000000438800,   3.44000,
,,,00.000000439200,   3.44000,
,,,00.000000439600,   3.36000,
,,,00.000000440000,   3.36000,
,,,00.000000440400,   3.36000,
,,,00.000000440800,   3.36000,
,,,00.000000441200,   3.36000,
,,,00.000000441600,   3.36000,
,,,00.000000442000,   3.36000,
,,,00.000000442400,   3.36000,
,,,00.000000442800,   3.36000,
,,,00.000000443200,   3.36000,
,,,00.000000443600,   3.36000,
,,,00.000000444000,   3.36000,
,,,00.000000444400,   3.36000,
,,,00.000000444800,   3.36000,
,,,00.000000445200,   3.36000,
,,,00.000000445600,   3.36000,
,,,00.000000446000,   3.36000,
,,,00.000000446400,   3.36000,
,,,00.000000446800,   3.36000,
,,,00.000000447200,   3.36000,
,,,00.000000447600,   3.36000,
,,,00.000000448000,   3.36000,
,,,00.000000448400,   3.36000,
,,,00.000000448800,   3.36000,
,,,00.000000449200,   3.36000,
,,,00.000000449600,   3.44000,
,,,00.000000450000,   3.44000,
,,,00.000000450400,   3.44000,
,,,00.000000450800,   3.44000,
,,,00.000000451200,   3.44000,
,,,00.000000451600,   3.44000,
,,,00.000000452000,   3.44000,
,,,00.000000452400,   3.44000,
,,,00.000000452800,   3.44000,
,,,00.000000453200,   3.44000,
,,,00.000000453600,   3.44000,
,,,00.000000454000,   3.44000,
,,,00.000000454400,   3.44000,
,,,00.000000454800,   3.44000,
,,,00.000000455200,   3.44000,
,,,00.000000455600,   3.44000,
,,,00.000000456000,   3.44000,
,,,00.000000456400,   3.44000,
,,,00.000000456800,   3.44000,
,,,00.000000457200,   3.44000,
,,,00.000000457600,   3.36000,
,,,00.000000458000,   3.36000,
,,,00.000000458400,   3.36000,
,,,00.000000458800,   3.28000,
,,,00.000000459200,   3.36000,
,,,00.000000459600,   3.36000,
,,,00.000000460000,   3.36000,
,,,00.000000460400,   3.44000,
,,,00.000000460800,   3.36000,
,,,00.000000461200,   3.36000,
,,,00.000000461600,   3.36000,
,,,00.000000462000,   3.36000,
,,,00.000000462400,   3.44000,
,,,00.000000462800,   3.36000,
,,,00.000000463200,   3.36000,
,,,00.000000463600,   3.36000,
,,,00.000000464000,   3.36000,
,,,00.000000464400,   3.44000,
,,,00.000000464800,   3.36000,
,,,00.000000465200,   3.36000,
,,,00.000000465600,   3.36000,
,,,00.000000466000,   3.36000,
,,,00.000000466400,   3.44000,
,,,00.000000466800,   3.36000,
,,,00.000000467200,   3.36000,
,,,00.000000467600,   3.28000,
,,,00.000000468000,   3.28000,
,,,00.000000468400,   3.28000,
,,,00.000000468800,   3.28000,
,,,00.000000469200,   3.28000,
,,,00.000000469600,   3.36000,
,,,00.000000470000,   3.36000,
,,,00.000000470400,   3.36000,
,,,00.000000470800,   3.36000,
,,,00.000000471200,   3.36000,
,,,00.000000471600,   3.36000,
,,,00.000000472000,   3.36000,
,,,00.000000472400,   3.44000,
,,,00.000000472800,   3.44000,
,,,00.000000473200,   3.44000,
,,,00.000000473600,   3.36000,
,,,00.000000474000,   3.36000,
,,,00.000000474400,   3.36000,
,,,00.000000474800,   3.36000,
,,,00.000000475200,   3.36000,
,,,00.000000475600,   3.36000,
,,,00.000000476000,   3.36000,
,,,00.000000476400,   3.36000,
,,,00.000000476800,   3.36000,
,,,00.000000477200,   3.36000,
,,,00.000000477600,   3.28000,
,,,00.000000478000,   3.28000,
,,,00.000000478400,   3.28000,
,,,00.000000478800,   3.28000,
,,,00.000000479200,   3.28000,
,,,00.000000479600,   3.28000,
,,,00.000000480000,   3.28000,
,,,00.000000480400,   3.28000,
,,,00.000000480800,   3.28000,
,,,00.000000481200,   3.28000,
,,,00.000000481600,   3.28000,
,,,00.000000482000,   3.28000,
,,,00.000000482400,   3.28000,
,,,00.000000482800,   3.28000,
,,,00.000000483200,   3.28000,
,,,00.000000483600,   3.28000,
,,,00.000000484000,   3.28000,
,,,00.000000484400,   3.28000,
,,,00.000000484800,   3.28000,
,,,00.000000485200,   3.28000,
,,,00.000000485600,   3.36000,
,,,00.000000486000,   3.36000,
,,,00.000000486400,   3.36000,
,,,00.000000486800,   3.36000,
,,,00.000000487200,   3.36000,
,,,00.000000487600,   3.36000,
,,,00.000000488000,   3.36000,
,,,00.000000488400,   3.44000,
,,,00.000000488800,   3.36000,
,,,00.000000489200,   3.36000,
,,,00.000000489600,   3.36000,
,,,00.000000490000,   3.28000,
,,,00.000000490400,   3.36000,
,,,00.000000490800,   3.36000,
,,,00.000000491200,   3.36000,
,,,00.000000491600,   3.44000,
,,,00.000000492000,   3.44000,
,,,00.000000492400,   3.44000,
,,,00.000000492800,   3.36000,
,,,00.000000493200,   3.36000,
,,,00.000000493600,   3.36000,
,,,00.000000494000,   3.28000,
,,,00.000000494400,   3.36000,
,,,00.000000494800,   3.36000,
,,,00.000000495200,   3.36000,
,,,00.000000495600,   3.44000,
,,,00.000000496000,   3.44000,
,,,00.000000496400,   3.44000,
,,,00.000000496800,   3.36000,
,,,00.000000497200,   3.36000,
,,,00.000000497600,   3.36000,
,,,00.000000498000,   3.28000,
,,,00.000000498400,   3.36000,
,,,00.000000498800,   3.36000,
,,,00.000000499200,   3.36000,
,,,00.000000499600,   3.36000,
,,,00.000000500000,   3.36000,
,,,00.000000500400,   3.36000,
,,,00.000000500800,   3.36000,
,,,00.000000501200,   3.36000,
,,,00.000000501600,   3.36000,
,,,00.000000502000,   3.36000,
,,,00.000000502400,   3.36000,
,,,00.000000502800,   3.36000,
,,,00.000000503200,   3.36000,
,,,00.000000503600,   3.36000,
,,,00.000000504000,   3.36000,
,,,00.000000504400,   3.36000,
,,,00.000000504800,   3.36000,
,,,00.000000505200,   3.36000,
,,,00.000000505600,   3.36000,
,,,00.000000506000,   3.36000,
,,,00.000000506400,   3.36000,
,,,00.000000506800,   3.36000,
,,,00.000000507200,   3.36000,
,,,00.000000507600,   3.44000,
,,,00.000000508000,   3.44000,
,,,00.000000508400,   3.44000,
,,,00.000000508800,   3.36000,
,,,00.000000509200,   3.36000,
,,,00.000000509600,   3.36000,
,,,00.000000510000,   3.28000,
,,,00.000000510400,   3.36000,
,,,00.000000510800,   3.36000,
,,,00.000000511200,   3.36000,
,,,00.000000511600,   3.44000,
,,,00.000000512000,   3.44000,
,,,00.000000512400,   3.44000,
,,,00.000000512800,   3.44000,
,,,00.000000513200,   3.44000,
,,,00.000000513600,   3.36000,
,,,00.000000514000,   3.36000,
,,,00.000000514400,   3.36000,
,,,00.000000514800,   3.36000,
,,,00.000000515200,   3.36000,
,,,00.000000515600,   3.36000,
,,,00.000000516000,   3.36000,
,,,00.000000516400,   3.36000,
,,,00.000000516800,   3.36000,
,,,00.000000517200,   3.36000,
,,,00.000000517600,   3.36000,
,,,00.000000518000,   3.36000,
,,,00.000000518400,   3.36000,
,,,00.000000518800,   3.36000,
,,,00.000000519200,   3.36000,
,,,00.000000519600,   3.44000,
,,,00.000000520000,   3.44000,
,,,00.000000520400,   3.44000,
,,,00.000000520800,   3.44000,
,,,00.000000521200,   3.44000,
,,,00.000000521600,   3.44000,
,,,00.000000522000,   3.44000,
,,,00.000000522400,   3.44000,
,,,00.000000522800,   3.44000,
,,,00.000000523200,   3.44000,
,,,00.000000523600,   3.44000,
,,,00.000000524000,   3.44000,
,,,00.000000524400,   3.44000,
,,,00.000000524800,   3.36000,
,,,00.000000525200,   3.36000,
,,,00.000000525600,   3.36000,
,,,00.000000526000,   3.28000,
,,,00.000000526400,   3.36000,
,,,00.000000526800,   3.36000,
,,,00.000000527200,   3.36000,
,,,00.000000527600,   3.44000,
,,,00.000000528000,   3.44000,
,,,00.000000528400,   3.44000,
,,,00.000000528800,   3.44000,
,,,00.000000529200,   3.44000,
,,,00.000000529600,   3.36000,
,,,00.000000530000,   3.36000,
,,,00.000000530400,   3.36000,
,,,00.000000530800,   3.28000,
,,,00.000000531200,   3.36000,
,,,00.000000531600,   3.36000,
,,,00.000000532000,   3.36000,
,,,00.000000532400,   3.44000,
,,,00.000000532800,   3.44000,
,,,00.000000533200,   3.44000,
,,,00.000000533600,   3.36000,
,,,00.000000534000,   3.28000,
,,,00.000000534400,   3.28000,
,,,00.000000534800,   3.20000,
,,,00.000000535200,   3.20000,
,,,00.000000535600,   3.28000,
,,,00.000000536000,   3.28000,
,,,00.000000536400,   3.36000,
,,,00.000000536800,   3.36000,
,,,00.000000537200,   3.44000,
,,,00.000000537600,   3.36000,
,,,00.000000538000,   3.28000,
,,,00.000000538400,   3.28000,
,,,00.000000538800,   3.20000,
,,,00.000000539200,   3.20000,
,,,00.000000539600,   3.28000,
,,,00.000000540000,   3.28000,
,,,00.000000540400,   3.36000,
,,,00.000000540800,   3.36000,
,,,00.000000541200,   3.36000,
,,,00.000000541600,   3.36000,
,,,00.000000542000,   3.36000,
,,,00.000000542400,   3.44000,
,,,00.000000542800,   3.36000,
,,,00.000000543200,   3.36000,
,,,00.000000543600,   3.36000,
,,,00.000000544000,   3.28000,
,,,00.000000544400,   3.36000,
,,,00.000000544800,   3.36000,
,,,00.000000545200,   3.36000,
,,,00.000000545600,   3.36000,
,,,00.000000546000,   3.36000,
,,,00.000000546400,   3.36000,
,,,00.000000546800,   3.36000,
,,,00.000000547200,   3.36000,
,,,00.000000547600,   3.36000,
,,,00.000000548000,   3.36000,
,,,00.000000548400,   3.36000,
,,,00.000000548800,   3.28000,
,,,00.000000549200,   3.28000,
,,,00.000000549600,   3.28000,
,,,00.000000550000,   3.28000,
,,,00.000000550400,   3.36000,
,,,00.000000550800,   3.36000,
,,,00.000000551200,   3.36000,
,,,00.000000551600,   3.36000,
,,,00.000000552000,   3.36000,
,,,00.000000552400,   3.36000,
,,,00.000000552800,   3.36000,
,,,00.000000553200,   3.36000,
,,,00.000000553600,   3.36000,
,,,00.000000554000,   3.36000,
,,,00.000000554400,   3.36000,
,,,00.000000554800,   3.36000,
,,,00.000000555200,   3.36000,
,,,00.000000555600,   3.36000,
,,,00.000000556000,   3.36000,
,,,00.000000556400,   3.36000,
,,,00.000000556800,   3.36000,
,,,00.000000557200,   3.36000,
,,,00.000000557600,   3.44000,
,,,00.000000558000,   3.44000,
,,,00.000000558400,   3.44000,
,,,00.000000558800,   3.44000,
,,,00.000000559200,   3.44000,
,,,00.000000559600,   3.44000,
,,,00.000000560000,   3.44000,
,,,00.000000560400,   3.44000,
,,,00.000000560800,   3.44000,
,,,00.000000561200,   3.44000,
,,,00.000000561600,   3.44000,
,,,00.000000562000,   3.44000,
,,,00.000000562400,   3.44000,
,,,00.000000562800,   3.44000,
,,,00.000000563200,   3.44000,
,,,00.000000563600,   3.36000,
,,,00.000000564000,   3.36000,
,,,00.000000564400,   3.36000,
,,,00.000000564800,   3.36000,
,,,00.000000565200,   3.36000,
,,,00.000000565600,   3.36000,
,,,00.000000566000,   3.36000,
,,,00.000000566400,   3.36000,
,,,00.000000566800,   3.36000,
,,,00.000000567200,   3.36000,
,,,00.000000567600,   3.44000,
,,,00.000000568000,   3.44000,
,,,00.000000568400,   3.44000,
,,,00.000000568800,   3.36000,
,,,00.000000569200,   3.36000,
,,,00.000000569600,   3.36000,
,,,00.000000570000,   3.28000,
,,,00.000000570400,   3.36000,
,,,00.000000570800,   3.36000,
,,,00.000000571200,   3.36000,
,,,00.000000571600,   3.44000,
,,,00.000000572000,   3.44000,
,,,00.000000572400,   3.44000,
,,,00.000000572800,   3.44000,
,,,00.000000573200,   3.44000,
,,,00.000000573600,   3.44000,
,,,00.000000574000,   3.44000,
,,,00.000000574400,   3.44000,
,,,00.000000574800,   3.44000,
,,,00.000000575200,   3.44000,
,,,00.000000575600,   3.36000,
,,,00.000000576000,   3.36000,
,,,00.000000576400,   3.36000,
,,,00.000000576800,   3.28000,
,,,00.000000577200,   3.36000,
,,,00.000000577600,   3.36000,
,,,00.000000578000,   3.36000,
,,,00.000000578400,   3.44000,
,,,00.000000578800,   3.44000,
,,,00.000000579200,   3.44000,
,,,00.000000579600,   3.36000,
,,,00.000000580000,   3.36000,
,,,00.000000580400,   3.36000,
,,,00.000000580800,   3.36000,
,,,00.000000581200,   3.36000,
,,,00.000000581600,   3.36000,
,,,00.000000582000,   3.36000,
,,,00.000000582400,   3.36000,
,,,00.000000582800,   3.36000,
,,,00.000000583200,   3.36000,
,,,00.000000583600,   3.36000,
,,,00.000000584000,   3.36000,
,,,00.000000584400,   3.36000,
,,,00.000000584800,   3.36000,
,,,00.000000585200,   3.36000,
,,,00.000000585600,   3.36000,
,,,00.000000586000,   3.36000,
,,,00.000000586400,   3.36000,
,,,00.000000586800,   3.36000,
,,,00.000000587200,   3.36000,
,,,00.000000587600,   3.36000,
,,,00.000000588000,   3.36000,
,,,00.000000588400,   3.36000,
,,,00.000000588800,   3.36000,
,,,00.000000589200,   3.36000,
,,,00.000000589600,   3.36000,
,,,00.000000590000,   3.36000,
,,,00.000000590400,   3.36000,
,,,00.000000590800,   3.28000,
,,,00.000000591200,   3.28000,
,,,00.000000591600,   3.28000,
,,,00.000000592000,   3.28000,
,,,00.000000592400,   3.36000,
,,,00.000000592800,   3.36000,
,,,00.000000593200,   3.44000,
,,,00.000000593600,   3.36000,
,,,00.000000594000,   3.36000,
,,,00.000000594400,   3.36000,
,,,00.000000594800,   3.28000,
,,,00.000000595200,   3.36000,
,,,00.000000595600,   3.36000,
,,,00.000000596000,   3.36000,
,,,00.000000596400,   3.44000,
,,,00.000000596800,   3.36000,
,,,00.000000597200,   3.36000,
,,,00.000000597600,   3.36000,
,,,00.000000598000,   3.36000,
,,,00.000000598400,   3.44000,
,,,00.000000598800,   3.36000,
,,,00.000000599200,   3.36000,
,,,00.000000599600,   3.36000,
,,,00.000000600000,   3.36000,
,,,00.000000600400,   3.36000,
,,,00.000000600800,   3.28000,
,,,00.000000601200,   3.28000,
,,,00.000000601600,   3.28000,
,,,00.000000602000,   3.28000,
,,,00.000000602400,   3.36000,
,,,00.000000602800,   3.36000,
,,,00.000000603200,   3.36000,
,,,00.000000603600,   3.36000,
,,,00.000000604000,   3.36000,
,,,00.000000604400,   3.44000,
,,,00.000000604800,   3.44000,
,,,00.000000605200,   3.44000,
,,,00.000000605600,   3.44000,
,,,00.000000606000,   3.44000,
,,,00.000000606400,   3.44000,
,,,00.000000606800,   3.36000,
,,,00.000000607200,   3.36000,
,,,00.000000607600,   3.36000,
,,,00.000000608000,   3.36000,
,,,00.000000608400,   3.44000,
,,,00.000000608800,   3.44000,
,,,00.000000609200,   3.44000,
,,,00.000000609600,   3.36000,
,,,00.000000610000,   3.36000,
,,,00.000000610400,   3.36000,
,,,00.000000610800,   3.36000,
,,,00.000000611200,   3.36000,
,,,00.000000611600,   3.44000,
,,,00.000000612000,   3.36000,
,,,00.000000612400,   3.36000,
,,,00.000000612800,   3.28000,
,,,00.000000613200,   3.28000,
,,,00.000000613600,   3.28000,
,,,00.000000614000,   3.28000,
,,,00.000000614400,   3.36000,
,,,00.000000614800,   3.36000,
,,,00.000000615200,   3.36000,
,,,00.000000615600,   3.36000,
,,,00.000000616000,   3.36000,
,,,00.000000616400,   3.36000,
,,,00.000000616800,   3.36000,
,,,00.000000617200,   3.36000,
,,,00.000000617600,   3.36000,
,,,00.000000618000,   3.36000,
,,,00.000000618400,   3.36000,
,,,00.000000618800,   3.36000,
,,,00.000000619200,   3.36000,
,,,00.000000619600,   3.36000,
,,,00.000000620000,   3.36000,
,,,00.000000620400,   3.36000,
,,,00.000000620800,   3.36000,
,,,00.000000621200,   3.36000,
,,,00.000000621600,   3.44000,
,,,00.000000622000,   3.44000,
,,,00.000000622400,   3.44000,
,,,00.000000622800,   3.36000,
,,,00.000000623200,   3.36000,
,,,00.000000623600,   3.36000,
,,,00.000000624000,   3.36000,
,,,00.000000624400,   3.44000,
,,,00.000000624800,   3.36000,
,,,00.000000625200,   3.36000,
,,,00.000000625600,   3.36000,
,,,00.000000626000,   3.28000,
,,,00.000000626400,   3.36000,
,,,00.000000626800,   3.36000,
,,,00.000000627200,   3.36000,
,,,00.000000627600,   3.44000,
,,,00.000000628000,   3.44000,
,,,00.000000628400,   3.44000,
,,,00.000000628800,   3.36000,
,,,00.000000629200,   3.36000,
,,,00.000000629600,   3.36000,
,,,00.000000630000,   3.28000,
,,,00.000000630400,   3.36000,
,,,00.000000630800,   3.36000,
,,,00.000000631200,   3.36000,
,,,00.000000631600,   3.44000,
,,,00.000000632000,   3.44000,
,,,00.000000632400,   3.44000,
,,,00.000000632800,   3.44000,
,,,00.000000633200,   3.44000,
,,,00.000000633600,   3.36000,
,,,00.000000634000,   3.36000,
,,,00.000000634400,   3.36000,
,,,00.000000634800,   3.36000,
,,,00.000000635200,   3.36000,
,,,00.000000635600,   3.36000,
,,,00.000000636000,   3.36000,
,,,00.000000636400,   3.36000,
,,,00.000000636800,   3.36000,
,,,00.000000637200,   3.36000,
,,,00.000000637600,   3.36000,
,,,00.000000638000,   3.36000,
,,,00.000000638400,   3.44000,
,,,00.000000638800,   3.36000,
,,,00.000000639200,   3.36000,
,,,00.000000639600,   3.36000,
,,,00.000000640000,   3.36000,
,,,00.000000640400,   3.44000,
,,,00.000000640800,   3.36000,
,,,00.000000641200,   3.36000,
,,,00.000000641600,   3.36000,
,,,00.000000642000,   3.36000,
,,,00.000000642400,   3.44000,
,,,00.000000642800,   3.36000,
,,,00.000000643200,   3.28000,
,,,00.000000643600,   3.28000,
,,,00.000000644000,   3.28000,
,,,00.000000644400,   3.36000,
,,,00.000000644800,   3.36000,
,,,00.000000645200,   3.36000,
,,,00.000000645600,   3.36000,
,,,00.000000646000,   3.36000,
,,,00.000000646400,   3.36000,
,,,00.000000646800,   3.36000,
,,,00.000000647200,   3.36000,
,,,00.000000647600,   3.44000,
,,,00.000000648000,   3.44000,
,,,00.000000648400,   3.44000,
,,,00.000000648800,   3.36000,
,,,00.000000649200,   3.36000,
,,,00.000000649600,   3.36000,
,,,00.000000650000,   3.36000,
,,,00.000000650400,   3.36000,
,,,00.000000650800,   3.36000,
,,,00.000000651200,   3.36000,
,,,00.000000651600,   3.36000,
,,,00.000000652000,   3.36000,
,,,00.000000652400,   3.36000,
,,,00.000000652800,   3.36000,
,,,00.000000653200,   3.36000,
,,,00.000000653600,   3.36000,
,,,00.000000654000,   3.36000,
,,,00.000000654400,   3.44000,
,,,00.000000654800,   3.36000,
,,,00.000000655200,   3.36000,
,,,00.000000655600,   3.36000,
,,,00.000000656000,   3.36000,
,,,00.000000656400,   3.36000,
,,,00.000000656800,   3.28000,
,,,00.000000657200,   3.28000,
,,,00.000000657600,   3.28000,
,,,00.000000658000,   3.28000,
,,,00.000000658400,   3.28000,
,,,00.000000658800,   3.20000,
,,,00.000000659200,   3.28000,
,,,00.000000659600,   3.28000,
,,,00.000000660000,   3.36000,
,,,00.000000660400,   3.44000,
,,,00.000000660800,   3.36000,
,,,00.000000661200,   3.36000,
,,,00.000000661600,   3.36000,
,,,00.000000662000,   3.36000,
,,,00.000000662400,   3.44000,
,,,00.000000662800,   3.44000,
,,,00.000000663200,   3.44000,
,,,00.000000663600,   3.36000,
,,,00.000000664000,   3.36000,
,,,00.000000664400,   3.36000,
,,,00.000000664800,   3.36000,
,,,00.000000665200,   3.36000,
,,,00.000000665600,   3.36000,
,,,00.000000666000,   3.36000,
,,,00.000000666400,   3.36000,
,,,00.000000666800,   3.36000,
,,,00.000000667200,   3.36000,
,,,00.000000667600,   3.28000,
,,,00.000000668000,   3.28000,
,,,00.000000668400,   3.28000,
,,,00.000000668800,   3.20000,
,,,00.000000669200,   3.20000,
,,,00.000000669600,   3.28000,
,,,00.000000670000,   3.36000,
,,,00.000000670400,   3.44000,
,,,00.000000670800,   3.44000,
,,,00.000000671200,   3.44000,
,,,00.000000671600,   3.36000,
,,,00.000000672000,   3.36000,
,,,00.000000672400,   3.36000,
,,,00.000000672800,   3.36000,
,,,00.000000673200,   3.36000,
,,,00.000000673600,   3.36000,
,,,00.000000674000,   3.36000,
,,,00.000000674400,   3.36000,
,,,00.000000674800,   3.36000,
,,,00.000000675200,   3.36000,
,,,00.000000675600,   3.28000,
,,,00.000000676000,   3.28000,
,,,00.000000676400,   3.28000,
,,,00.000000676800,   3.28000,
,,,00.000000677200,   3.28000,
,,,00.000000677600,   3.36000,
,,,00.000000678000,   3.36000,
,,,00.000000678400,   3.36000,
,,,00.000000678800,   3.36000,
,,,00.000000679200,   3.36000,
,,,00.000000679600,   3.36000,
,,,00.000000680000,   3.36000,
,,,00.000000680400,   3.36000,
,,,00.000000680800,   3.28000,
,,,00.000000681200,   3.36000,
,,,00.000000681600,   3.36000,
,,,00.000000682000,   3.36000,
,,,00.000000682400,   3.44000,
,,,00.000000682800,   3.36000,
,,,00.000000683200,   3.36000,
,,,00.000000683600,   3.36000,
,,,00.000000684000,   3.36000,
,,,00.000000684400,   3.44000,
,,,00.000000684800,   3.36000,
,,,00.000000685200,   3.36000,
,,,00.000000685600,   3.36000,
,,,00.000000686000,   3.28000,
,,,00.000000686400,   3.36000,
,,,00.000000686800,   3.36000,
,,,00.000000687200,   3.36000,
,,,00.000000687600,   3.44000,
,,,00.000000688000,   3.44000,
,,,00.000000688400,   3.44000,
,,,00.000000688800,   3.44000,
,,,00.000000689200,   3.44000,
,,,00.000000689600,   3.36000,
,,,00.000000690000,   3.36000,
,,,00.000000690400,   3.36000,
,,,00.000000690800,   3.36000,
,,,00.000000691200,   3.36000,
,,,00.000000691600,   3.44000,
,,,00.000000692000,   3.44000,
,,,00.000000692400,   3.44000,
,,,00.000000692800,   3.36000,
,,,00.000000693200,   3.36000,
,,,00.000000693600,   3.36000,
,,,00.000000694000,   3.36000,
,,,00.000000694400,   3.44000,
,,,00.000000694800,   3.44000,
,,,00.000000695200,   3.44000,
,,,00.000000695600,   3.44000,
,,,00.000000696000,   3.44000,
,,,00.000000696400,   3.44000,
,,,00.000000696800,   3.36000,
,,,00.000000697200,   3.36000,
,,,00.000000697600,   3.36000,
,,,00.000000698000,   3.36000,
,,,00.000000698400,   3.36000,
,,,00.000000698800,   3.36000,
,,,00.000000699200,   3.36000,
,,,00.000000699600,   3.36000,
,,,00.000000700000,   3.36000,
,,,00.000000700400,   3.36000,
,,,00.000000700800,   3.36000,
,,,00.000000701200,   3.36000,
,,,00.000000701600,   3.36000,
,,,00.000000702000,   3.36000,
,,,00.000000702400,   3.36000,
,,,00.000000702800,   3.36000,
,,,00.000000703200,   3.36000,
,,,00.000000703600,   3.36000,
,,,00.000000704000,   3.36000,
,,,00.000000704400,   3.44000,
,,,00.000000704800,   3.44000,
,,,00.000000705200,   3.44000,
,,,00.000000705600,   3.36000,
,,,00.000000706000,   3.36000,
,,,00.000000706400,   3.36000,
,,,00.000000706800,   3.36000,
,,,00.000000707200,   3.36000,
,,,00.000000707600,   3.36000,
,,,00.000000708000,   3.36000,
,,,00.000000708400,   3.36000,
,,,00.000000708800,   3.36000,
,,,00.000000709200,   3.36000,
,,,00.000000709600,   3.36000,
,,,00.000000710000,   3.36000,
,,,00.000000710400,   3.36000,
,,,00.000000710800,   3.36000,
,,,00.000000711200,   3.36000,
,,,00.000000711600,   3.36000,
,,,00.000000712000,   3.36000,
,,,00.000000712400,   3.36000,
,,,00.000000712800,   3.28000,
,,,00.000000713200,   3.28000,
,,,00.000000713600,   3.28000,
,,,00.000000714000,   3.28000,
,,,00.000000714400,   3.36000,
,,,00.000000714800,   3.36000,
,,,00.000000715200,   3.36000,
,,,00.000000715600,   3.36000,
,,,00.000000716000,   3.36000,
,,,00.000000716400,   3.36000,
,,,00.000000716800,   3.36000,
,,,00.000000717200,   3.36000,
,,,00.000000717600,   3.36000,
,,,00.000000718000,   3.36000,
,,,00.000000718400,   3.36000,
,,,00.000000718800,   3.28000,
,,,00.000000719200,   3.36000,
,,,00.000000719600,   3.36000,
,,,00.000000720000,   3.36000,
,,,00.000000720400,   3.44000,
,,,00.000000720800,   3.44000,
,,,00.000000721200,   3.44000,
,,,00.000000721600,   3.36000,
,,,00.000000722000,   3.36000,
,,,00.000000722400,   3.36000,
,,,00.000000722800,   3.36000,
,,,00.000000723200,   3.36000,
,,,00.000000723600,   3.44000,
,,,00.000000724000,   3.44000,
,,,00.000000724400,   3.44000,
,,,00.000000724800,   3.36000,
,,,00.000000725200,   3.36000,
,,,00.000000725600,   3.36000,
,,,00.000000726000,   3.28000,
,,,00.000000726400,   3.36000,
,,,00.000000726800,   3.36000,
,,,00.000000727200,   3.44000,
,,,00.000000727600,   3.36000,
,,,00.000000728000,   3.28000,
,,,00.000000728400,   3.28000,
,,,00.000000728800,   3.20000,
,,,00.000000729200,   3.20000,
,,,00.000000729600,   3.28000,
,,,00.000000730000,   3.28000,
,,,00.000000730400,   3.36000,
,,,00.000000730800,   3.36000,
,,,00.000000731200,   3.36000,
,,,00.000000731600,   3.28000,
,,,00.000000732000,   3.28000,
,,,00.000000732400,   3.28000,
,,,00.000000732800,   3.28000,
,,,00.000000733200,   3.28000,
,,,00.000000733600,   3.36000,
,,,00.000000734000,   3.36000,
,,,00.000000734400,   3.36000,
,,,00.000000734800,   3.36000,
,,,00.000000735200,   3.36000,
,,,00.000000735600,   3.44000,
,,,00.000000736000,   3.44000,
,,,00.000000736400,   3.44000,
,,,00.000000736800,   3.44000,
,,,00.000000737200,   3.44000,
,,,00.000000737600,   3.36000,
,,,00.000000738000,   3.36000,
,,,00.000000738400,   3.36000,
,,,00.000000738800,   3.28000,
,,,00.000000739200,   3.28000,
,,,00.000000739600,   3.28000,
,,,00.000000740000,   3.28000,
,,,00.000000740400,   3.36000,
,,,00.000000740800,   3.36000,
,,,00.000000741200,   3.44000,
,,,00.000000741600,   3.36000,
,,,00.000000742000,   3.36000,
,,,00.000000742400,   3.36000,
,,,00.000000742800,   3.36000,
,,,00.000000743200,   3.36000,
,,,00.000000743600,   3.36000,
,,,00.000000744000,   3.36000,
,,,00.000000744400,   3.36000,
,,,00.000000744800,   3.36000,
,,,00.000000745200,   3.36000,
,,,00.000000745600,   3.36000,
,,,00.000000746000,   3.36000,
,,,00.000000746400,   3.36000,
,,,00.000000746800,   3.36000,
,,,00.000000747200,   3.36000,
,,,00.000000747600,   3.44000,
,,,00.000000748000,   3.44000,
,,,00.000000748400,   3.44000,
,,,00.000000748800,   3.36000,
,,,00.000000749200,   3.28000,
,,,00.000000749600,   3.28000,
,,,00.000000750000,   3.28000,
,,,00.000000750400,   3.36000,
,,,00.000000750800,   3.36000,
,,,00.000000751200,   3.44000,
,,,00.000000751600,   3.36000,
,,,00.000000752000,   3.36000,
,,,00.000000752400,   3.36000,
,,,00.000000752800,   3.36000,
,,,00.000000753200,   3.36000,
,,,00.000000753600,   3.44000,
,,,00.000000754000,   3.44000,
,,,00.000000754400,   3.44000,
,,,00.000000754800,   3.36000,
,,,00.000000755200,   3.36000,
,,,00.000000755600,   3.36000,
,,,00.000000756000,   3.36000,
,,,00.000000756400,   3.44000,
,,,00.000000756800,   3.44000,
,,,00.000000757200,   3.44000,
,,,00.000000757600,   3.36000,
,,,00.000000758000,   3.36000,
,,,00.000000758400,   3.36000,
,,,00.000000758800,   3.28000,
,,,00.000000759200,   3.36000,
,,,00.000000759600,   3.36000,
,,,00.000000760000,   3.36000,
,,,00.000000760400,   3.44000,
,,,00.000000760800,   3.44000,
,,,00.000000761200,   3.44000,
,,,00.000000761600,   3.36000,
,,,00.000000762000,   3.36000,
,,,00.000000762400,   3.36000,
,,,00.000000762800,   3.36000,
,,,00.000000763200,   3.36000,
,,,00.000000763600,   3.28000,
,,,00.000000764000,   3.28000,
,,,00.000000764400,   3.28000,
,,,00.000000764800,   3.28000,
,,,00.000000765200,   3.28000,
,,,00.000000765600,   3.36000,
,,,00.000000766000,   3.36000,
,,,00.000000766400,   3.44000,
,,,00.000000766800,   3.36000,
,,,00.000000767200,   3.28000,
,,,00.000000767600,   3.28000,
,,,00.000000768000,   3.28000,
,,,00.000000768400,   3.36000,
,,,00.000000768800,   3.36000,
,,,00.000000769200,   3.36000,
,,,00.000000769600,   3.44000,
,,,00.000000770000,   3.44000,
,,,00.000000770400,   3.44000,
,,,00.000000770800,   3.36000,
,,,00.000000771200,   3.36000,
,,,00.000000771600,   3.36000,
,,,00.000000772000,   3.36000,
,,,00.000000772400,   3.44000,
,,,00.000000772800,   3.44000,
,,,00.000000773200,   3.44000,
,,,00.000000773600,   3.36000,
,,,00.000000774000,   3.36000,
,,,00.000000774400,   3.36000,
,,,00.000000774800,   3.36000,
,,,00.000000775200,   3.36000,
,,,00.000000775600,   3.36000,
,,,00.000000776000,   3.36000,
,,,00.000000776400,   3.36000,
,,,00.000000776800,   3.36000,
,,,00.000000777200,   3.36000,
,,,00.000000777600,   3.36000,
,,,00.000000778000,   3.36000,
,,,00.000000778400,   3.36000,
,,,00.000000778800,   3.36000,
,,,00.000000779200,   3.36000,
,,,00.000000779600,   3.36000,
,,,00.000000780000,   3.36000,
,,,00.000000780400,   3.36000,
,,,00.000000780800,   3.36000,
,,,00.000000781200,   3.36000,
,,,00.000000781600,   3.36000,
,,,00.000000782000,   3.36000,
,,,00.000000782400,   3.36000,
,,,00.000000782800,   3.36000,
,,,00.000000783200,   3.36000,
,,,00.000000783600,   3.44000,
,,,00.000000784000,   3.36000,
,,,00.000000784400,   3.36000,
,,,00.000000784800,   3.28000,
,,,00.000000785200,   3.28000,
,,,00.000000785600,   3.28000,
,,,00.000000786000,   3.28000,
,,,00.000000786400,   3.36000,
,,,00.000000786800,   3.36000,
,,,00.000000787200,   3.36000,
,,,00.000000787600,   3.36000,
,,,00.000000788000,   3.36000,
,,,00.000000788400,   3.44000,
,,,00.000000788800,   3.44000,
,,,00.000000789200,   3.44000,
,,,00.000000789600,   3.36000,
,,,00.000000790000,   3.36000,
,,,00.000000790400,   3.36000,
,,,00.000000790800,   3.36000,
,,,00.000000791200,   3.36000,
,,,00.000000791600,   3.36000,
,,,00.000000792000,   3.36000,
,,,00.000000792400,   3.36000,
,,,00.000000792800,   3.36000,
,,,00.000000793200,   3.36000,
,,,00.000000793600,   3.36000,
,,,00.000000794000,   3.36000,
,,,00.000000794400,   3.36000,
,,,00.000000794800,   3.36000,
,,,00.000000795200,   3.36000,
,,,00.000000795600,   3.36000,
,,,00.000000796000,   3.36000,
,,,00.000000796400,   3.36000,
,,,00.000000796800,   3.36000,
,,,00.000000797200,   3.36000,
,,,00.000000797600,   3.36000,
,,,00.000000798000,   3.36000,
,,,00.000000798400,   3.36000,
,,,00.000000798800,   3.36000,
,,,00.000000799200,   3.36000,
,,,00.000000799600,   3.44000,
,,,00.000000800000,   3.44000,
,,,00.000000800400,   3.44000,
,,,00.000000800800,   3.36000,
,,,00.000000801200,   3.28000,
,,,00.000000801600,   3.20000,
,,,00.000000802000,   3.20000,
,,,00.000000802400,   3.28000,
,,,00.000000802800,   3.28000,
,,,00.000000803200,   3.36000,
,,,00.000000803600,   3.44000,
,,,00.000000804000,   3.36000,
,,,00.000000804400,   3.36000,
,,,00.000000804800,   3.36000,
,,,00.000000805200,   3.36000,
,,,00.000000805600,   3.36000,
,,,00.000000806000,   3.36000,
,,,00.000000806400,   3.36000,
,,,00.000000806800,   3.36000,
,,,00.000000807200,   3.36000,
,,,00.000000807600,   3.44000,
,,,00.000000808000,   3.44000,
,,,00.000000808400,   3.44000,
,,,00.000000808800,   3.36000,
,,,00.000000809200,   3.36000,
,,,00.000000809600,   3.36000,
,,,00.000000810000,   3.28000,
,,,00.000000810400,   3.36000,
,,,00.000000810800,   3.36000,
,,,00.000000811200,   3.36000,
,,,00.000000811600,   3.44000,
,,,00.000000812000,   3.44000,
,,,00.000000812400,   3.44000,
,,,00.000000812800,   3.36000,
,,,00.000000813200,   3.36000,
,,,00.000000813600,   3.36000,
,,,00.000000814000,   3.36000,
,,,00.000000814400,   3.44000,
,,,00.000000814800,   3.36000,
,,,00.000000815200,   3.36000,
,,,00.000000815600,   3.36000,
,,,00.000000816000,   3.36000,
,,,00.000000816400,   3.44000,
,,,00.000000816800,   3.36000,
,,,00.000000817200,   3.36000,
,,,00.000000817600,   3.36000,
,,,00.000000818000,   3.36000,
,,,00.000000818400,   3.44000,
,,,00.000000818800,   3.44000,
,,,00.000000819200,   3.44000,
,,,00.000000819600,   3.36000,
,,,00.000000820000,   3.36000,
,,,00.000000820400,   3.36000,
,,,00.000000820800,   3.28000,
,,,00.000000821200,   3.36000,
,,,00.000000821600,   3.36000,
,,,00.000000822000,   3.36000,
,,,00.000000822400,   3.44000,
,,,00.000000822800,   3.44000,
,,,00.000000823200,   3.44000,
,,,00.000000823600,   3.36000,
,,,00.000000824000,   3.36000,
,,,00.000000824400,   3.36000,
,,,00.000000824800,   3.36000,
,,,00.000000825200,   3.36000,
,,,00.000000825600,   3.36000,
,,,00.000000826000,   3.36000,
,,,00.000000826400,   3.36000,
,,,00.000000826800,   3.36000,
,,,00.000000827200,   3.36000,
,,,00.000000827600,   3.36000,
,,,00.000000828000,   3.36000,
,,,00.000000828400,   3.36000,
,,,00.000000828800,   3.36000,
,,,00.000000829200,   3.36000,
,,,00.000000829600,   3.44000,
,,,00.000000830000,   3.44000,
,,,00.000000830400,   3.44000,
,,,00.000000830800,   3.36000,
,,,00.000000831200,   3.36000,
,,,00.000000831600,   3.36000,
,,,00.000000832000,   3.36000,
,,,00.000000832400,   3.44000,
,,,00.000000832800,   3.36000,
,,,00.000000833200,   3.36000,
,,,00.000000833600,   3.36000,
,,,00.000000834000,   3.36000,
,,,00.000000834400,   3.44000,
,,,00.000000834800,   3.44000,
,,,00.000000835200,   3.44000,
,,,00.000000835600,   3.36000,
,,,00.000000836000,   3.36000,
,,,00.000000836400,   3.36000,
,,,00.000000836800,   3.36000,
,,,00.000000837200,   3.36000,
,,,00.000000837600,   3.28000,
,,,00.000000838000,   3.28000,
,,,00.000000838400,   3.28000,
,,,00.000000838800,   3.20000,
,,,00.000000839200,   3.28000,
,,,00.000000839600,   3.28000,
,,,00.000000840000,   3.28000,
,,,00.000000840400,   3.36000,
,,,00.000000840800,   3.36000,
,,,00.000000841200,   3.36000,
,,,00.000000841600,   3.36000,
,,,00.000000842000,   3.36000,
,,,00.000000842400,   3.36000,
,,,00.000000842800,   3.36000,
,,,00.000000843200,   3.36000,
,,,00.000000843600,   3.36000,
,,,00.000000844000,   3.36000,
,,,00.000000844400,   3.36000,
,,,00.000000844800,   3.36000,
,,,00.000000845200,   3.36000,
,,,00.000000845600,   3.44000,
,,,00.000000846000,   3.44000,
,,,00.000000846400,   3.44000,
,,,00.000000846800,   3.36000,
,,,00.000000847200,   3.36000,
,,,00.000000847600,   3.36000,
,,,00.000000848000,   3.36000,
,,,00.000000848400,   3.44000,
,,,00.000000848800,   3.36000,
,,,00.000000849200,   3.36000,
,,,00.000000849600,   3.36000,
,,,00.000000850000,   3.28000,
,,,00.000000850400,   3.36000,
,,,00.000000850800,   3.36000,
,,,00.000000851200,   3.36000,
,,,00.000000851600,   3.36000,
,,,00.000000852000,   3.36000,
,,,00.000000852400,   3.36000,
,,,00.000000852800,   3.36000,
,,,00.000000853200,   3.36000,
,,,00.000000853600,   3.36000,
,,,00.000000854000,   3.36000,
,,,00.000000854400,   3.36000,
,,,00.000000854800,   3.36000,
,,,00.000000855200,   3.36000,
,,,00.000000855600,   3.36000,
,,,00.000000856000,   3.36000,
,,,00.000000856400,   3.36000,
,,,00.000000856800,   3.28000,
,,,00.000000857200,   3.28000,
,,,00.000000857600,   3.28000,
,,,00.000000858000,   3.36000,
,,,00.000000858400,   3.44000,
,,,00.000000858800,   3.44000,
,,,00.000000859200,   3.52000,
,,,00.000000859600,   3.44000,
,,,00.000000860000,   3.36000,
,,,00.000000860400,   3.36000,
,,,00.000000860800,   3.28000,
,,,00.000000861200,   3.28000,
,,,00.000000861600,   3.36000,
,,,00.000000862000,   3.36000,
,,,00.000000862400,   3.44000,
,,,00.000000862800,   3.36000,
,,,00.000000863200,   3.36000,
,,,00.000000863600,   3.36000,
,,,00.000000864000,   3.36000,
,,,00.000000864400,   3.44000,
,,,00.000000864800,   3.36000,
,,,00.000000865200,   3.36000,
,,,00.000000865600,   3.36000,
,,,00.000000866000,   3.28000,
,,,00.000000866400,   3.36000,
,,,00.000000866800,   3.36000,
,,,00.000000867200,   3.36000,
,,,00.000000867600,   3.36000,
,,,00.000000868000,   3.36000,
,,,00.000000868400,   3.36000,
,,,00.000000868800,   3.36000,
,,,00.000000869200,   3.36000,
,,,00.000000869600,   3.44000,
,,,00.000000870000,   3.44000,
,,,00.000000870400,   3.44000,
,,,00.000000870800,   3.36000,
,,,00.000000871200,   3.36000,
,,,00.000000871600,   3.36000,
,,,00.000000872000,   3.36000,
,,,00.000000872400,   3.44000,
,,,00.000000872800,   3.36000,
,,,00.000000873200,   3.36000,
,,,00.000000873600,   3.36000,
,,,00.000000874000,   3.36000,
,,,00.000000874400,   3.36000,
,,,00.000000874800,   3.36000,
,,,00.000000875200,   3.36000,
,,,00.000000875600,   3.28000,
,,,00.000000876000,   3.28000,
,,,00.000000876400,   3.28000,
,,,00.000000876800,   3.28000,
,,,00.000000877200,   3.28000,
,,,00.000000877600,   3.36000,
,,,00.000000878000,   3.36000,
,,,00.000000878400,   3.36000,
,,,00.000000878800,   3.36000,
,,,00.000000879200,   3.36000,
,,,00.000000879600,   3.36000,
,,,00.000000880000,   3.36000,
,,,00.000000880400,   3.44000,
,,,00.000000880800,   3.36000,
,,,00.000000881200,   3.36000,
,,,00.000000881600,   3.36000,
,,,00.000000882000,   3.36000,
,,,00.000000882400,   3.36000,
,,,00.000000882800,   3.36000,
,,,00.000000883200,   3.36000,
,,,00.000000883600,   3.36000,
,,,00.000000884000,   3.36000,
,,,00.000000884400,   3.44000,
,,,00.000000884800,   3.36000,
,,,00.000000885200,   3.36000,
,,,00.000000885600,   3.36000,
,,,00.000000886000,   3.28000,
,,,00.000000886400,   3.36000,
,,,00.000000886800,   3.36000,
,,,00.000000887200,   3.36000,
,,,00.000000887600,   3.44000,
,,,00.000000888000,   3.44000,
,,,00.000000888400,   3.44000,
,,,00.000000888800,   3.36000,
,,,00.000000889200,   3.36000,
,,,00.000000889600,   3.28000,
,,,00.000000890000,   3.28000,
,,,00.000000890400,   3.28000,
,,,00.000000890800,   3.28000,
,,,00.000000891200,   3.36000,
,,,00.000000891600,   3.44000,
,,,00.000000892000,   3.44000,
,,,00.000000892400,   3.44000,
,,,00.000000892800,   3.36000,
,,,00.000000893200,   3.36000,
,,,00.000000893600,   3.36000,
,,,00.000000894000,   3.36000,
,,,00.000000894400,   3.44000,
,,,00.000000894800,   3.36000,
,,,00.000000895200,   3.36000,
,,,00.000000895600,   3.36000,
,,,00.000000896000,   3.36000,
,,,00.000000896400,   3.36000,
,,,00.000000896800,   3.36000,
,,,00.000000897200,   3.36000,
,,,00.000000897600,   3.36000,
,,,00.000000898000,   3.36000,
,,,00.000000898400,   3.36000,
,,,00.000000898800,   3.36000,
,,,00.000000899200,   3.36000,
,,,00.000000899600,   3.36000,
,,,00.000000900000,   3.36000,
,,,00.000000900400,   3.44000,
,,,00.000000900800,   3.44000,
,,,00.000000901200,   3.44000,
,,,00.000000901600,   3.36000,
,,,00.000000902000,   3.36000,
,,,00.000000902400,   3.36000,
,,,00.000000902800,   3.36000,
,,,00.000000903200,   3.36000,
,,,00.000000903600,   3.36000,
,,,00.000000904000,   3.36000,
,,,00.000000904400,   3.36000,
,,,00.000000904800,   3.36000,
,,,00.000000905200,   3.36000,
,,,00.000000905600,   3.36000,
,,,00.000000906000,   3.36000,
,,,00.000000906400,   3.44000,
,,,00.000000906800,   3.44000,
,,,00.000000907200,   3.44000,
,,,00.000000907600,   3.36000,
,,,00.000000908000,   3.36000,
,,,00.000000908400,   3.36000,
,,,00.000000908800,   3.36000,
,,,00.000000909200,   3.36000,
,,,00.000000909600,   3.36000,
,,,00.000000910000,   3.36000,
,,,00.000000910400,   3.36000,
,,,00.000000910800,   3.36000,
,,,00.000000911200,   3.36000,
,,,00.000000911600,   3.36000,
,,,00.000000912000,   3.36000,
,,,00.000000912400,   3.36000,
,,,00.000000912800,   3.36000,
,,,00.000000913200,   3.36000,
,,,00.000000913600,   3.36000,
,,,00.000000914000,   3.36000,
,,,00.000000914400,   3.36000,
,,,00.000000914800,   3.36000,
,,,00.000000915200,   3.36000,
,,,00.000000915600,   3.36000,
,,,00.000000916000,   3.36000,
,,,00.000000916400,   3.44000,
,,,00.000000916800,   3.44000,
,,,00.000000917200,   3.44000,
,,,00.000000917600,   3.44000,
,,,00.000000918000,   3.44000,
,,,00.000000918400,   3.44000,
,,,00.000000918800,   3.36000,
,,,00.000000919200,   3.36000,
,,,00.000000919600,   3.36000,
,,,00.000000920000,   3.28000,
,,,00.000000920400,   3.36000,
,,,00.000000920800,   3.36000,
,,,00.000000921200,   3.36000,
,,,00.000000921600,   3.36000,
,,,00.000000922000,   3.36000,
,,,00.000000922400,   3.36000,
,,,00.000000922800,   3.36000,
,,,00.000000923200,   3.36000,
,,,00.000000923600,   3.44000,
,,,00.000000924000,   3.44000,
,,,00.000000924400,   3.44000,
,,,00.000000924800,   3.36000,
,,,00.000000925200,   3.36000,
,,,00.000000925600,   3.36000,
,,,00.000000926000,   3.36000,
,,,00.000000926400,   3.44000,
,,,00.000000926800,   3.36000,
,,,00.000000927200,   3.36000,
,,,00.000000927600,   3.36000,
,,,00.000000928000,   3.36000,
,,,00.000000928400,   3.44000,
,,,00.000000928800,   3.44000,
,,,00.000000929200,   3.44000,
,,,00.000000929600,   3.36000,
,,,00.000000930000,   3.36000,
,,,00.000000930400,   3.36000,
,,,00.000000930800,   3.28000,
,,,00.000000931200,   3.36000,
,,,00.000000931600,   3.36000,
