-0.033240000000,  -1.48000,
-0.033220000000,  -1.48000,
-0.033200000000,  -1.48000,
-0.033180000000,  -1.48000,
-0.033160000000,  -1.48000,
-0.033140000000,  -1.48000,
-0.033120000000,  -1.48000,
-0.033100000000,  -1.48000,
-0.033080000000,  -1.48000,
-0.033060000000,  -1.48000,
-0.033040000000,  -1.48000,
-0.033020000000,  -1.48000,
-0.033000000000,  -1.48000,
-0.032980000000,  -1.48000,
-0.032960000000,  -1.48000,
-0.032940000000,  -1.48000,
-0.032920000000,  -1.48000,
-0.032900000000,  -1.48000,
-0.032880000000,  -1.48000,
-0.032860000000,  -1.48000,
-0.032840000000,  -1.48000,
-0.032820000000,  -1.48000,
-0.032800000000,  -1.48000,
-0.032780000000,  -1.48000,
-0.032760000000,  -1.44000,
-0.032740000000,  -1.44000,
-0.032720000000,  -1.44000,
-0.032700000000,  -1.44000,
-0.032680000000,  -1.48000,
-0.032660000000,  -1.44000,
-0.032640000000,  -1.44000,
-0.032620000000,  -1.44000,
-0.032600000000,  -1.44000,
-0.032580000000,  -1.48000,
-0.032560000000,  -1.44000,
-0.032540000000,  -1.44000,
-0.032520000000,  -1.44000,
-0.032500000000,  -1.48000,
-0.032480000000,  -1.44000,
-0.032460000000,  -1.44000,
-0.032440000000,  -1.44000,
-0.032420000000,  -1.44000,
-0.032400000000,  -1.44000,
-0.032380000000,  -1.44000,
-0.032360000000,  -1.44000,
-0.032340000000,  -1.44000,
-0.032320000000,  -1.44000,
-0.032300000000,  -1.44000,
-0.032280000000,  -1.44000,
-0.032260000000,  -1.44000,
-0.032240000000,  -1.44000,
-0.032220000000,  -1.44000,
-0.032200000000,  -1.44000,
-0.032180000000,  -1.44000,
-0.032160000000,  -1.40000,
-0.032140000000,  -1.44000,
-0.032120000000,  -1.44000,
-0.032100000000,  -1.44000,
-0.032080000000,  -1.40000,
-0.032060000000,  -1.40000,
-0.032040000000,  -1.44000,
-0.032020000000,  -1.40000,
-0.032000000000,  -1.44000,
-0.031980000000,  -1.40000,
-0.031960000000,  -1.40000,
-0.031940000000,  -1.40000,
-0.031920000000,  -1.40000,
-0.031900000000,  -1.40000,
-0.031880000000,  -1.40000,
-0.031860000000,  -1.40000,
-0.031840000000,  -1.40000,
-0.031820000000,  -1.40000,
-0.031800000000,  -1.40000,
-0.031780000000,  -1.40000,
-0.031760000000,  -1.36000,
-0.031740000000,  -1.40000,
-0.031720000000,  -1.40000,
-0.031700000000,  -1.40000,
-0.031680000000,  -1.40000,
-0.031660000000,  -1.40000,
-0.031640000000,  -1.40000,
-0.031620000000,  -1.40000,
-0.031600000000,  -1.40000,
-0.031580000000,  -1.40000,
-0.031560000000,  -1.40000,
-0.031540000000,  -1.40000,
-0.031520000000,  -1.40000,
-0.031500000000,  -1.36000,
-0.031480000000,  -1.36000,
-0.031460000000,  -1.36000,
-0.031440000000,  -1.36000,
-0.031420000000,  -1.36000,
-0.031400000000,  -1.40000,
-0.031380000000,  -1.36000,
-0.031360000000,  -1.36000,
-0.031340000000,  -1.36000,
-0.031320000000,  -1.36000,
-0.031300000000,  -1.36000,
-0.031280000000,  -1.36000,
-0.031260000000,  -1.36000,
-0.031240000000,  -1.36000,
-0.031220000000,  -1.36000,
-0.031200000000,  -1.36000,
-0.031180000000,  -1.36000,
-0.031160000000,  -1.36000,
-0.031140000000,  -1.36000,
-0.031120000000,  -1.36000,
-0.031100000000,  -1.36000,
-0.031080000000,  -1.36000,
-0.031060000000,  -1.36000,
-0.031040000000,  -1.36000,
-0.031020000000,  -1.36000,
-0.031000000000,  -1.36000,
-0.030980000000,  -1.36000,
-0.030960000000,  -1.36000,
-0.030940000000,  -1.36000,
-0.030920000000,  -1.36000,
-0.030900000000,  -1.36000,
-0.030880000000,  -1.36000,
-0.030860000000,  -1.36000,
-0.030840000000,  -1.32000,
-0.030820000000,  -1.36000,
-0.030800000000,  -1.36000,
-0.030780000000,  -1.32000,
-0.030760000000,  -1.36000,
-0.030740000000,  -1.32000,
-0.030720000000,  -1.32000,
-0.030700000000,  -1.36000,
-0.030680000000,  -1.36000,
-0.030660000000,  -1.32000,
-0.030640000000,  -1.32000,
-0.030620000000,  -1.36000,
-0.030600000000,  -1.32000,
-0.030580000000,  -1.32000,
-0.030560000000,  -1.32000,
-0.030540000000,  -1.32000,
-0.030520000000,  -1.32000,
-0.030500000000,  -1.32000,
-0.030480000000,  -1.32000,
-0.030460000000,  -1.32000,
-0.030440000000,  -1.32000,
-0.030420000000,  -1.32000,
-0.030400000000,  -1.32000,
-0.030380000000,  -1.32000,
-0.030360000000,  -1.32000,
-0.030340000000,  -1.32000,
-0.030320000000,  -1.32000,
-0.030300000000,  -1.32000,
-0.030280000000,  -1.28000,
-0.030260000000,  -1.32000,
-0.030240000000,  -1.32000,
-0.030220000000,  -1.32000,
-0.030200000000,  -1.32000,
-0.030180000000,  -1.32000,
-0.030160000000,  -1.28000,
-0.030140000000,  -1.28000,
-0.030120000000,  -1.32000,
-0.030100000000,  -1.32000,
-0.030080000000,  -1.32000,
-0.030060000000,  -1.32000,
-0.030040000000,  -1.32000,
-0.030020000000,  -1.32000,
-0.030000000000,  -1.28000,
-0.029980000000,  -1.32000,
-0.029960000000,  -1.28000,
-0.029940000000,  -1.28000,
-0.029920000000,  -1.32000,
-0.029900000000,  -1.32000,
-0.029880000000,  -1.28000,
-0.029860000000,  -1.28000,
-0.029840000000,  -1.28000,
-0.029820000000,  -1.28000,
-0.029800000000,  -1.28000,
-0.029780000000,  -1.28000,
-0.029760000000,  -1.28000,
-0.029740000000,  -1.28000,
-0.029720000000,  -1.28000,
-0.029700000000,  -1.28000,
-0.029680000000,  -1.28000,
-0.029660000000,  -1.28000,
-0.029640000000,  -1.28000,
-0.029620000000,  -1.28000,
-0.029600000000,  -1.28000,
-0.029580000000,  -1.28000,
-0.029560000000,  -1.24000,
-0.029540000000,  -1.28000,
-0.029520000000,  -1.24000,
-0.029500000000,  -1.24000,
-0.029480000000,  -1.24000,
-0.029460000000,  -1.28000,
-0.029440000000,  -1.28000,
-0.029420000000,  -1.24000,
-0.029400000000,  -1.24000,
-0.029380000000,  -1.24000,
-0.029360000000,  -1.28000,
-0.029340000000,  -1.28000,
-0.029320000000,  -1.28000,
-0.029300000000,  -1.24000,
-0.029280000000,  -1.24000,
-0.029260000000,  -1.24000,
-0.029240000000,  -1.24000,
-0.029220000000,  -1.24000,
-0.029200000000,  -1.24000,
-0.029180000000,  -1.24000,
-0.029160000000,  -1.24000,
-0.029140000000,  -1.24000,
-0.029120000000,  -1.24000,
-0.029100000000,  -1.24000,
-0.029080000000,  -1.24000,
-0.029060000000,  -1.24000,
-0.029040000000,  -1.24000,
-0.029020000000,  -1.24000,
-0.029000000000,  -1.24000,
-0.028980000000,  -1.24000,
-0.028960000000,  -1.24000,
-0.028940000000,  -1.24000,
-0.028920000000,  -1.24000,
-0.028900000000,  -1.24000,
-0.028880000000,  -1.24000,
-0.028860000000,  -1.24000,
-0.028840000000,  -1.24000,
-0.028820000000,  -1.24000,
-0.028800000000,  -1.24000,
-0.028780000000,  -1.24000,
-0.028760000000,  -1.24000,
-0.028740000000,  -1.24000,
-0.028720000000,  -1.24000,
-0.028700000000,  -1.24000,
-0.028680000000,  -1.24000,
-0.028660000000,  -1.24000,
-0.028640000000,  -1.24000,
-0.028620000000,  -1.24000,
-0.028600000000,  -1.20000,
-0.028580000000,  -1.20000,
-0.028560000000,  -1.20000,
-0.028540000000,  -1.20000,
-0.028520000000,  -1.20000,
-0.028500000000,  -1.20000,
-0.028480000000,  -1.20000,
-0.028460000000,  -1.20000,
-0.028440000000,  -1.20000,
-0.028420000000,  -1.20000,
-0.028400000000,  -1.20000,
-0.028380000000,  -1.20000,
-0.028360000000,  -1.20000,
-0.028340000000,  -1.20000,
-0.028320000000,  -1.20000,
-0.028300000000,  -1.20000,
-0.028280000000,  -1.20000,
-0.028260000000,  -1.16000,
-0.028240000000,  -1.16000,
-0.028220000000,  -1.20000,
-0.028200000000,  -1.20000,
-0.028180000000,  -1.20000,
-0.028160000000,  -1.20000,
-0.028140000000,  -1.16000,
-0.028120000000,  -1.16000,
-0.028100000000,  -1.20000,
-0.028080000000,  -1.16000,
-0.028060000000,  -1.20000,
-0.028040000000,  -1.16000,
-0.028020000000,  -1.16000,
-0.028000000000,  -1.20000,
-0.027980000000,  -1.16000,
-0.027960000000,  -1.20000,
-0.027940000000,  -1.16000,
-0.027920000000,  -1.20000,
-0.027900000000,  -1.16000,
-0.027880000000,  -1.16000,
-0.027860000000,  -1.16000,
-0.027840000000,  -1.16000,
-0.027820000000,  -1.16000,
-0.027800000000,  -1.16000,
-0.027780000000,  -1.16000,
-0.027760000000,  -1.16000,
-0.027740000000,  -1.16000,
-0.027720000000,  -1.16000,
-0.027700000000,  -1.16000,
-0.027680000000,  -1.16000,
-0.027660000000,  -1.12000,
-0.027640000000,  -1.16000,
-0.027620000000,  -1.16000,
-0.027600000000,  -1.16000,
-0.027580000000,  -1.16000,
-0.027560000000,  -1.16000,
-0.027540000000,  -1.16000,
-0.027520000000,  -1.16000,
-0.027500000000,  -1.12000,
-0.027480000000,  -1.12000,
-0.027460000000,  -1.12000,
-0.027440000000,  -1.16000,
-0.027420000000,  -1.12000,
-0.027400000000,  -1.12000,
-0.027380000000,  -1.12000,
-0.027360000000,  -1.16000,
-0.027340000000,  -1.12000,
-0.027320000000,  -1.16000,
-0.027300000000,  -1.12000,
-0.027280000000,  -1.12000,
-0.027260000000,  -1.12000,
-0.027240000000,  -1.16000,
-0.027220000000,  -1.12000,
-0.027200000000,  -1.16000,
-0.027180000000,  -1.12000,
-0.027160000000,  -1.12000,
-0.027140000000,  -1.12000,
-0.027120000000,  -1.12000,
-0.027100000000,  -1.12000,
-0.027080000000,  -1.12000,
-0.027060000000,  -1.12000,
-0.027040000000,  -1.12000,
-0.027020000000,  -1.12000,
-0.027000000000,  -1.12000,
-0.026980000000,  -1.12000,
-0.026960000000,  -1.12000,
-0.026940000000,  -1.08000,
-0.026920000000,  -1.12000,
-0.026900000000,  -1.12000,
-0.026880000000,  -1.12000,
-0.026860000000,  -1.12000,
-0.026840000000,  -1.08000,
-0.026820000000,  -1.08000,
-0.026800000000,  -1.08000,
-0.026780000000,  -1.12000,
-0.026760000000,  -1.08000,
-0.026740000000,  -1.08000,
-0.026720000000,  -1.12000,
-0.026700000000,  -1.08000,
-0.026680000000,  -1.12000,
-0.026660000000,  -1.08000,
-0.026640000000,  -1.12000,
-0.026620000000,  -1.08000,
-0.026600000000,  -1.08000,
-0.026580000000,  -1.08000,
-0.026560000000,  -1.08000,
-0.026540000000,  -1.12000,
-0.026520000000,  -1.08000,
-0.026500000000,  -1.08000,
-0.026480000000,  -1.08000,
-0.026460000000,  -1.08000,
-0.026440000000,  -1.12000,
-0.026420000000,  -1.08000,
-0.026400000000,  -1.08000,
-0.026380000000,  -1.08000,
-0.026360000000,  -1.08000,
-0.026340000000,  -1.08000,
-0.026320000000,  -1.08000,
-0.026300000000,  -1.08000,
-0.026280000000,  -1.08000,
-0.026260000000,  -1.04000,
-0.026240000000,  -1.08000,
-0.026220000000,  -1.08000,
-0.026200000000,  -1.08000,
-0.026180000000,  -1.04000,
-0.026160000000,  -1.04000,
-0.026140000000,  -1.08000,
-0.026120000000,  -1.04000,
-0.026100000000,  -1.04000,
-0.026080000000,  -1.04000,
-0.026060000000,  -1.04000,
-0.026040000000,  -1.04000,
-0.026020000000,  -1.04000,
-0.026000000000,  -1.04000,
-0.025980000000,  -1.04000,
-0.025960000000,  -1.04000,
-0.025940000000,  -1.04000,
-0.025920000000,  -1.04000,
-0.025900000000,  -1.04000,
-0.025880000000,  -1.04000,
-0.025860000000,  -1.04000,
-0.025840000000,  -1.04000,
-0.025820000000,  -1.04000,
-0.025800000000,  -1.04000,
-0.025780000000,  -1.04000,
-0.025760000000,  -1.04000,
-0.025740000000,  -1.04000,
-0.025720000000,  -1.04000,
-0.025700000000,  -1.04000,
-0.025680000000,  -1.04000,
-0.025660000000,  -1.04000,
-0.025640000000,  -1.04000,
-0.025620000000,  -1.04000,
-0.025600000000,  -1.00000,
-0.025580000000,  -1.00000,
-0.025560000000,  -1.04000,
-0.025540000000,  -1.04000,
-0.025520000000,  -1.00000,
-0.025500000000,  -1.00000,
-0.025480000000,  -1.04000,
-0.025460000000,  -1.04000,
-0.025440000000,  -1.00000,
-0.025420000000,  -1.00000,
-0.025400000000,  -1.00000,
-0.025380000000,  -1.00000,
-0.025360000000,  -1.00000,
-0.025340000000,  -1.00000,
-0.025320000000,  -1.00000,
-0.025300000000,  -1.00000,
-0.025280000000,  -1.00000,
-0.025260000000,  -1.00000,
-0.025240000000,  -1.00000,
-0.025220000000,  -1.00000,
-0.025200000000,  -1.00000,
-0.025180000000,  -1.00000,
-0.025160000000,  -1.00000,
-0.025140000000,  -1.00000,
-0.025120000000,  -1.00000,
-0.025100000000,  -1.00000,
-0.025080000000,  -0.96000,
-0.025060000000,  -1.00000,
-0.025040000000,  -1.00000,
-0.025020000000,  -1.00000,
-0.025000000000,  -1.00000,
-0.024980000000,  -1.00000,
-0.024960000000,  -1.00000,
-0.024940000000,  -1.00000,
-0.024920000000,  -1.00000,
-0.024900000000,  -1.00000,
-0.024880000000,  -0.96000,
-0.024860000000,  -1.00000,
-0.024840000000,  -1.00000,
-0.024820000000,  -1.00000,
-0.024800000000,  -0.96000,
-0.024780000000,  -0.96000,
-0.024760000000,  -1.00000,
-0.024740000000,  -0.96000,
-0.024720000000,  -0.96000,
-0.024700000000,  -0.96000,
-0.024680000000,  -0.96000,
-0.024660000000,  -1.00000,
-0.024640000000,  -0.96000,
-0.024620000000,  -0.96000,
-0.024600000000,  -1.00000,
-0.024580000000,  -0.96000,
-0.024560000000,  -0.96000,
-0.024540000000,  -0.96000,
-0.024520000000,  -0.96000,
-0.024500000000,  -0.96000,
-0.024480000000,  -0.96000,
-0.024460000000,  -0.96000,
-0.024440000000,  -0.96000,
-0.024420000000,  -0.96000,
-0.024400000000,  -0.96000,
-0.024380000000,  -0.96000,
-0.024360000000,  -0.96000,
-0.024340000000,  -0.96000,
-0.024320000000,  -0.96000,
-0.024300000000,  -0.96000,
-0.024280000000,  -0.96000,
-0.024260000000,  -0.92000,
-0.024240000000,  -0.96000,
-0.024220000000,  -0.96000,
-0.024200000000,  -0.96000,
-0.024180000000,  -0.96000,
-0.024160000000,  -0.96000,
-0.024140000000,  -0.92000,
-0.024120000000,  -0.96000,
-0.024100000000,  -0.96000,
-0.024080000000,  -0.96000,
-0.024060000000,  -0.96000,
-0.024040000000,  -0.96000,
-0.024020000000,  -0.92000,
-0.024000000000,  -0.96000,
-0.023980000000,  -0.92000,
-0.023960000000,  -0.92000,
-0.023940000000,  -0.96000,
-0.023920000000,  -0.92000,
-0.023900000000,  -0.92000,
-0.023880000000,  -0.92000,
-0.023860000000,  -0.92000,
-0.023840000000,  -0.92000,
-0.023820000000,  -0.92000,
-0.023800000000,  -0.92000,
-0.023780000000,  -0.92000,
-0.023760000000,  -0.92000,
-0.023740000000,  -0.92000,
-0.023720000000,  -0.92000,
-0.023700000000,  -0.92000,
-0.023680000000,  -0.92000,
-0.023660000000,  -0.92000,
-0.023640000000,  -0.92000,
-0.023620000000,  -0.92000,
-0.023600000000,  -0.92000,
-0.023580000000,  -0.88000,
-0.023560000000,  -0.92000,
-0.023540000000,  -0.92000,
-0.023520000000,  -0.92000,
-0.023500000000,  -0.92000,
-0.023480000000,  -0.92000,
-0.023460000000,  -0.92000,
-0.023440000000,  -0.88000,
-0.023420000000,  -0.88000,
-0.023400000000,  -0.92000,
-0.023380000000,  -0.88000,
-0.023360000000,  -0.92000,
-0.023340000000,  -0.92000,
-0.023320000000,  -0.88000,
-0.023300000000,  -0.88000,
-0.023280000000,  -0.88000,
-0.023260000000,  -0.88000,
-0.023240000000,  -0.92000,
-0.023220000000,  -0.88000,
-0.023200000000,  -0.88000,
-0.023180000000,  -0.88000,
-0.023160000000,  -0.88000,
-0.023140000000,  -0.88000,
-0.023120000000,  -0.88000,
-0.023100000000,  -0.88000,
-0.023080000000,  -0.88000,
-0.023060000000,  -0.88000,
-0.023040000000,  -0.88000,
-0.023020000000,  -0.88000,
-0.023000000000,  -0.88000,
-0.022980000000,  -0.88000,
-0.022960000000,  -0.88000,
-0.022940000000,  -0.88000,
-0.022920000000,  -0.88000,
-0.022900000000,  -0.88000,
-0.022880000000,  -0.88000,
-0.022860000000,  -0.88000,
-0.022840000000,  -0.88000,
-0.022820000000,  -0.84000,
-0.022800000000,  -0.84000,
-0.022780000000,  -0.88000,
-0.022760000000,  -0.84000,
-0.022740000000,  -0.88000,
-0.022720000000,  -0.88000,
-0.022700000000,  -0.88000,
-0.022680000000,  -0.84000,
-0.022660000000,  -0.84000,
-0.022640000000,  -0.84000,
-0.022620000000,  -0.84000,
-0.022600000000,  -0.88000,
-0.022580000000,  -0.88000,
-0.022560000000,  -0.88000,
-0.022540000000,  -0.84000,
-0.022520000000,  -0.88000,
-0.022500000000,  -0.84000,
-0.022480000000,  -0.84000,
-0.022460000000,  -0.88000,
-0.022440000000,  -0.84000,
-0.022420000000,  -0.84000,
-0.022400000000,  -0.84000,
-0.022380000000,  -0.84000,
-0.022360000000,  -0.84000,
-0.022340000000,  -0.84000,
-0.022320000000,  -0.80000,
-0.022300000000,  -0.80000,
-0.022280000000,  -0.84000,
-0.022260000000,  -0.84000,
-0.022240000000,  -0.80000,
-0.022220000000,  -0.84000,
-0.022200000000,  -0.84000,
-0.022180000000,  -0.84000,
-0.022160000000,  -0.84000,
-0.022140000000,  -0.80000,
-0.022120000000,  -0.84000,
-0.022100000000,  -0.84000,
-0.022080000000,  -0.84000,
-0.022060000000,  -0.80000,
-0.022040000000,  -0.80000,
-0.022020000000,  -0.84000,
-0.022000000000,  -0.84000,
-0.021980000000,  -0.80000,
-0.021960000000,  -0.80000,
-0.021940000000,  -0.80000,
-0.021920000000,  -0.80000,
-0.021900000000,  -0.80000,
-0.021880000000,  -0.76000,
-0.021860000000,  -0.80000,
-0.021840000000,  -0.80000,
-0.021820000000,  -0.80000,
-0.021800000000,  -0.80000,
-0.021780000000,  -0.80000,
-0.021760000000,  -0.80000,
-0.021740000000,  -0.80000,
-0.021720000000,  -0.80000,
-0.021700000000,  -0.80000,
-0.021680000000,  -0.80000,
-0.021660000000,  -0.80000,
-0.021640000000,  -0.80000,
-0.021620000000,  -0.80000,
-0.021600000000,  -0.80000,
-0.021580000000,  -0.80000,
-0.021560000000,  -0.80000,
-0.021540000000,  -0.80000,
-0.021520000000,  -0.76000,
-0.021500000000,  -0.80000,
-0.021480000000,  -0.76000,
-0.021460000000,  -0.76000,
-0.021440000000,  -0.76000,
-0.021420000000,  -0.80000,
-0.021400000000,  -0.80000,
-0.021380000000,  -0.76000,
-0.021360000000,  -0.76000,
-0.021340000000,  -0.80000,
-0.021320000000,  -0.76000,
-0.021300000000,  -0.76000,
-0.021280000000,  -0.76000,
-0.021260000000,  -0.76000,
-0.021240000000,  -0.76000,
-0.021220000000,  -0.76000,
-0.021200000000,  -0.76000,
-0.021180000000,  -0.76000,
-0.021160000000,  -0.76000,
-0.021140000000,  -0.76000,
-0.021120000000,  -0.76000,
-0.021100000000,  -0.76000,
-0.021080000000,  -0.76000,
-0.021060000000,  -0.76000,
-0.021040000000,  -0.76000,
-0.021020000000,  -0.76000,
-0.021000000000,  -0.72000,
-0.020980000000,  -0.76000,
-0.020960000000,  -0.76000,
-0.020940000000,  -0.72000,
-0.020920000000,  -0.76000,
-0.020900000000,  -0.76000,
-0.020880000000,  -0.76000,
-0.020860000000,  -0.72000,
-0.020840000000,  -0.72000,
-0.020820000000,  -0.76000,
-0.020800000000,  -0.76000,
-0.020780000000,  -0.76000,
-0.020760000000,  -0.76000,
-0.020740000000,  -0.76000,
-0.020720000000,  -0.76000,
-0.020700000000,  -0.72000,
-0.020680000000,  -0.72000,
-0.020660000000,  -0.72000,
-0.020640000000,  -0.76000,
-0.020620000000,  -0.76000,
-0.020600000000,  -0.72000,
-0.020580000000,  -0.72000,
-0.020560000000,  -0.72000,
-0.020540000000,  -0.72000,
-0.020520000000,  -0.72000,
-0.020500000000,  -0.72000,
-0.020480000000,  -0.72000,
-0.020460000000,  -0.72000,
-0.020440000000,  -0.68000,
-0.020420000000,  -0.72000,
-0.020400000000,  -0.72000,
-0.020380000000,  -0.72000,
-0.020360000000,  -0.72000,
-0.020340000000,  -0.68000,
-0.020320000000,  -0.72000,
-0.020300000000,  -0.68000,
-0.020280000000,  -0.68000,
-0.020260000000,  -0.72000,
-0.020240000000,  -0.72000,
-0.020220000000,  -0.72000,
-0.020200000000,  -0.72000,
-0.020180000000,  -0.72000,
-0.020160000000,  -0.68000,
-0.020140000000,  -0.68000,
-0.020120000000,  -0.68000,
-0.020100000000,  -0.68000,
-0.020080000000,  -0.68000,
-0.020060000000,  -0.68000,
-0.020040000000,  -0.72000,
-0.020020000000,  -0.68000,
-0.020000000000,  -0.68000,
-0.019980000000,  -0.72000,
-0.019960000000,  -0.68000,
-0.019940000000,  -0.68000,
-0.019920000000,  -0.68000,
-0.019900000000,  -0.68000,
-0.019880000000,  -0.68000,
-0.019860000000,  -0.68000,
-0.019840000000,  -0.68000,
-0.019820000000,  -0.68000,
-0.019800000000,  -0.68000,
-0.019780000000,  -0.68000,
-0.019760000000,  -0.64000,
-0.019740000000,  -0.68000,
-0.019720000000,  -0.68000,
-0.019700000000,  -0.68000,
-0.019680000000,  -0.68000,
-0.019660000000,  -0.68000,
-0.019640000000,  -0.64000,
-0.019620000000,  -0.64000,
-0.019600000000,  -0.68000,
-0.019580000000,  -0.64000,
-0.019560000000,  -0.64000,
-0.019540000000,  -0.64000,
-0.019520000000,  -0.64000,
-0.019500000000,  -0.64000,
-0.019480000000,  -0.68000,
-0.019460000000,  -0.64000,
-0.019440000000,  -0.64000,
-0.019420000000,  -0.64000,
-0.019400000000,  -0.64000,
-0.019380000000,  -0.64000,
-0.019360000000,  -0.64000,
-0.019340000000,  -0.64000,
-0.019320000000,  -0.64000,
-0.019300000000,  -0.64000,
-0.019280000000,  -0.64000,
-0.019260000000,  -0.64000,
-0.019240000000,  -0.64000,
-0.019220000000,  -0.64000,
-0.019200000000,  -0.64000,
-0.019180000000,  -0.64000,
-0.019160000000,  -0.64000,
-0.019140000000,  -0.64000,
-0.019120000000,  -0.64000,
-0.019100000000,  -0.64000,
-0.019080000000,  -0.64000,
-0.019060000000,  -0.64000,
-0.019040000000,  -0.64000,
-0.019020000000,  -0.64000,
-0.019000000000,  -0.64000,
-0.018980000000,  -0.64000,
-0.018960000000,  -0.60000,
-0.018940000000,  -0.60000,
-0.018920000000,  -0.64000,
-0.018900000000,  -0.64000,
-0.018880000000,  -0.64000,
-0.018860000000,  -0.64000,
-0.018840000000,  -0.60000,
-0.018820000000,  -0.60000,
-0.018800000000,  -0.60000,
-0.018780000000,  -0.60000,
-0.018760000000,  -0.60000,
-0.018740000000,  -0.60000,
-0.018720000000,  -0.60000,
-0.018700000000,  -0.60000,
-0.018680000000,  -0.60000,
-0.018660000000,  -0.60000,
-0.018640000000,  -0.60000,
-0.018620000000,  -0.60000,
-0.018600000000,  -0.60000,
-0.018580000000,  -0.60000,
-0.018560000000,  -0.60000,
-0.018540000000,  -0.60000,
-0.018520000000,  -0.60000,
-0.018500000000,  -0.60000,
-0.018480000000,  -0.60000,
-0.018460000000,  -0.60000,
-0.018440000000,  -0.60000,
-0.018420000000,  -0.60000,
-0.018400000000,  -0.60000,
-0.018380000000,  -0.60000,
-0.018360000000,  -0.60000,
-0.018340000000,  -0.60000,
-0.018320000000,  -0.60000,
-0.018300000000,  -0.56000,
-0.018280000000,  -0.60000,
-0.018260000000,  -0.60000,
-0.018240000000,  -0.56000,
-0.018220000000,  -0.56000,
-0.018200000000,  -0.56000,
-0.018180000000,  -0.56000,
-0.018160000000,  -0.60000,
-0.018140000000,  -0.56000,
-0.018120000000,  -0.56000,
-0.018100000000,  -0.56000,
-0.018080000000,  -0.56000,
-0.018060000000,  -0.56000,
-0.018040000000,  -0.56000,
-0.018020000000,  -0.56000,
-0.018000000000,  -0.56000,
-0.017980000000,  -0.56000,
-0.017960000000,  -0.56000,
-0.017940000000,  -0.52000,
-0.017920000000,  -0.56000,
-0.017900000000,  -0.56000,
-0.017880000000,  -0.56000,
-0.017860000000,  -0.56000,
-0.017840000000,  -0.56000,
-0.017820000000,  -0.56000,
-0.017800000000,  -0.56000,
-0.017780000000,  -0.52000,
-0.017760000000,  -0.56000,
-0.017740000000,  -0.56000,
-0.017720000000,  -0.52000,
-0.017700000000,  -0.56000,
-0.017680000000,  -0.52000,
-0.017660000000,  -0.52000,
-0.017640000000,  -0.52000,
-0.017620000000,  -0.52000,
-0.017600000000,  -0.52000,
-0.017580000000,  -0.52000,
-0.017560000000,  -0.52000,
-0.017540000000,  -0.52000,
-0.017520000000,  -0.52000,
-0.017500000000,  -0.52000,
-0.017480000000,  -0.52000,
-0.017460000000,  -0.52000,
-0.017440000000,  -0.52000,
-0.017420000000,  -0.52000,
-0.017400000000,  -0.52000,
-0.017380000000,  -0.52000,
-0.017360000000,  -0.52000,
-0.017340000000,  -0.52000,
-0.017320000000,  -0.52000,
-0.017300000000,  -0.52000,
-0.017280000000,  -0.52000,
-0.017260000000,  -0.52000,
-0.017240000000,  -0.52000,
-0.017220000000,  -0.52000,
-0.017200000000,  -0.52000,
-0.017180000000,  -0.52000,
-0.017160000000,  -0.48000,
-0.017140000000,  -0.52000,
-0.017120000000,  -0.52000,
-0.017100000000,  -0.52000,
-0.017080000000,  -0.52000,
-0.017060000000,  -0.52000,
-0.017040000000,  -0.48000,
-0.017020000000,  -0.48000,
-0.017000000000,  -0.48000,
-0.016980000000,  -0.52000,
-0.016960000000,  -0.48000,
-0.016940000000,  -0.48000,
-0.016920000000,  -0.52000,
-0.016900000000,  -0.48000,
-0.016880000000,  -0.48000,
-0.016860000000,  -0.48000,
-0.016840000000,  -0.48000,
-0.016820000000,  -0.48000,
-0.016800000000,  -0.48000,
-0.016780000000,  -0.48000,
-0.016760000000,  -0.48000,
-0.016740000000,  -0.48000,
-0.016720000000,  -0.48000,
-0.016700000000,  -0.48000,
-0.016680000000,  -0.48000,
-0.016660000000,  -0.48000,
-0.016640000000,  -0.48000,
-0.016620000000,  -0.48000,
-0.016600000000,  -0.48000,
-0.016580000000,  -0.44000,
-0.016560000000,  -0.48000,
-0.016540000000,  -0.48000,
-0.016520000000,  -0.48000,
-0.016500000000,  -0.48000,
-0.016480000000,  -0.48000,
-0.016460000000,  -0.44000,
-0.016440000000,  -0.48000,
-0.016420000000,  -0.48000,
-0.016400000000,  -0.48000,
-0.016380000000,  -0.48000,
-0.016360000000,  -0.44000,
-0.016340000000,  -0.48000,
-0.016320000000,  -0.44000,
-0.016300000000,  -0.48000,
-0.016280000000,  -0.48000,
-0.016260000000,  -0.44000,
-0.016240000000,  -0.48000,
-0.016220000000,  -0.44000,
-0.016200000000,  -0.44000,
-0.016180000000,  -0.44000,
-0.016160000000,  -0.44000,
-0.016140000000,  -0.44000,
-0.016120000000,  -0.44000,
-0.016100000000,  -0.44000,
-0.016080000000,  -0.44000,
-0.016060000000,  -0.44000,
-0.016040000000,  -0.44000,
-0.016020000000,  -0.44000,
-0.016000000000,  -0.40000,
-0.015980000000,  -0.40000,
-0.015960000000,  -0.44000,
-0.015940000000,  -0.44000,
-0.015920000000,  -0.44000,
-0.015900000000,  -0.44000,
-0.015880000000,  -0.44000,
-0.015860000000,  -0.40000,
-0.015840000000,  -0.44000,
-0.015820000000,  -0.44000,
-0.015800000000,  -0.44000,
-0.015780000000,  -0.40000,
-0.015760000000,  -0.40000,
-0.015740000000,  -0.40000,
-0.015720000000,  -0.44000,
-0.015700000000,  -0.40000,
-0.015680000000,  -0.40000,
-0.015660000000,  -0.40000,
-0.015640000000,  -0.40000,
-0.015620000000,  -0.40000,
-0.015600000000,  -0.40000,
-0.015580000000,  -0.40000,
-0.015560000000,  -0.40000,
-0.015540000000,  -0.40000,
-0.015520000000,  -0.40000,
-0.015500000000,  -0.40000,
-0.015480000000,  -0.40000,
-0.015460000000,  -0.40000,
-0.015440000000,  -0.40000,
-0.015420000000,  -0.40000,
-0.015400000000,  -0.40000,
-0.015380000000,  -0.40000,
-0.015360000000,  -0.40000,
-0.015340000000,  -0.40000,
-0.015320000000,  -0.40000,
-0.015300000000,  -0.40000,
-0.015280000000,  -0.36000,
-0.015260000000,  -0.40000,
-0.015240000000,  -0.40000,
-0.015220000000,  -0.40000,
-0.015200000000,  -0.40000,
-0.015180000000,  -0.40000,
-0.015160000000,  -0.40000,
-0.015140000000,  -0.40000,
-0.015120000000,  -0.40000,
-0.015100000000,  -0.40000,
-0.015080000000,  -0.36000,
-0.015060000000,  -0.36000,
-0.015040000000,  -0.40000,
-0.015020000000,  -0.36000,
-0.015000000000,  -0.36000,
-0.014980000000,  -0.40000,
-0.014960000000,  -0.36000,
-0.014940000000,  -0.36000,
-0.014920000000,  -0.40000,
-0.014900000000,  -0.36000,
-0.014880000000,  -0.40000,
-0.014860000000,  -0.36000,
-0.014840000000,  -0.36000,
-0.014820000000,  -0.36000,
-0.014800000000,  -0.36000,
-0.014780000000,  -0.36000,
-0.014760000000,  -0.36000,
-0.014740000000,  -0.36000,
-0.014720000000,  -0.36000,
-0.014700000000,  -0.36000,
-0.014680000000,  -0.36000,
-0.014660000000,  -0.36000,
-0.014640000000,  -0.36000,
-0.014620000000,  -0.36000,
-0.014600000000,  -0.36000,
-0.014580000000,  -0.36000,
-0.014560000000,  -0.36000,
-0.014540000000,  -0.36000,
-0.014520000000,  -0.36000,
-0.014500000000,  -0.36000,
-0.014480000000,  -0.32000,
-0.014460000000,  -0.32000,
-0.014440000000,  -0.36000,
-0.014420000000,  -0.32000,
-0.014400000000,  -0.36000,
-0.014380000000,  -0.32000,
-0.014360000000,  -0.36000,
-0.014340000000,  -0.36000,
-0.014320000000,  -0.32000,
-0.014300000000,  -0.32000,
-0.014280000000,  -0.32000,
-0.014260000000,  -0.32000,
-0.014240000000,  -0.32000,
-0.014220000000,  -0.32000,
-0.014200000000,  -0.32000,
-0.014180000000,  -0.32000,
-0.014160000000,  -0.32000,
-0.014140000000,  -0.32000,
-0.014120000000,  -0.32000,
-0.014100000000,  -0.32000,
-0.014080000000,  -0.32000,
-0.014060000000,  -0.28000,
-0.014040000000,  -0.32000,
-0.014020000000,  -0.32000,
-0.014000000000,  -0.32000,
-0.013980000000,  -0.32000,
-0.013960000000,  -0.32000,
-0.013940000000,  -0.32000,
-0.013920000000,  -0.32000,
-0.013900000000,  -0.28000,
-0.013880000000,  -0.32000,
-0.013860000000,  -0.28000,
-0.013840000000,  -0.28000,
-0.013820000000,  -0.32000,
-0.013800000000,  -0.32000,
-0.013780000000,  -0.28000,
-0.013760000000,  -0.28000,
-0.013740000000,  -0.28000,
-0.013720000000,  -0.28000,
-0.013700000000,  -0.32000,
-0.013680000000,  -0.28000,
-0.013660000000,  -0.28000,
-0.013640000000,  -0.28000,
-0.013620000000,  -0.28000,
-0.013600000000,  -0.28000,
-0.013580000000,  -0.28000,
-0.013560000000,  -0.28000,
-0.013540000000,  -0.28000,
-0.013520000000,  -0.28000,
-0.013500000000,  -0.28000,
-0.013480000000,  -0.28000,
-0.013460000000,  -0.28000,
-0.013440000000,  -0.28000,
-0.013420000000,  -0.28000,
-0.013400000000,  -0.28000,
-0.013380000000,  -0.28000,
-0.013360000000,  -0.28000,
-0.013340000000,  -0.28000,
-0.013320000000,  -0.28000,
-0.013300000000,  -0.28000,
-0.013280000000,  -0.28000,
-0.013260000000,  -0.28000,
-0.013240000000,  -0.28000,
-0.013220000000,  -0.28000,
-0.013200000000,  -0.28000,
-0.013180000000,  -0.28000,
-0.013160000000,  -0.28000,
-0.013140000000,  -0.28000,
-0.013120000000,  -0.28000,
-0.013100000000,  -0.24000,
-0.013080000000,  -0.28000,
-0.013060000000,  -0.28000,
-0.013040000000,  -0.28000,
-0.013020000000,  -0.24000,
-0.013000000000,  -0.24000,
-0.012980000000,  -0.28000,
-0.012960000000,  -0.28000,
-0.012940000000,  -0.24000,
-0.012920000000,  -0.24000,
-0.012900000000,  -0.24000,
-0.012880000000,  -0.24000,
-0.012860000000,  -0.24000,
-0.012840000000,  -0.28000,
-0.012820000000,  -0.28000,
-0.012800000000,  -0.24000,
-0.012780000000,  -0.24000,
-0.012760000000,  -0.24000,
-0.012740000000,  -0.24000,
-0.012720000000,  -0.24000,
-0.012700000000,  -0.24000,
-0.012680000000,  -0.24000,
-0.012660000000,  -0.24000,
-0.012640000000,  -0.24000,
-0.012620000000,  -0.24000,
-0.012600000000,  -0.24000,
-0.012580000000,  -0.24000,
-0.012560000000,  -0.24000,
-0.012540000000,  -0.24000,
-0.012520000000,  -0.24000,
-0.012500000000,  -0.24000,
-0.012480000000,  -0.24000,
-0.012460000000,  -0.24000,
-0.012440000000,  -0.24000,
-0.012420000000,  -0.20000,
-0.012400000000,  -0.20000,
-0.012380000000,  -0.20000,
-0.012360000000,  -0.24000,
-0.012340000000,  -0.24000,
-0.012320000000,  -0.20000,
-0.012300000000,  -0.20000,
-0.012280000000,  -0.20000,
-0.012260000000,  -0.20000,
-0.012240000000,  -0.20000,
-0.012220000000,  -0.20000,
-0.012200000000,  -0.20000,
-0.012180000000,  -0.20000,
-0.012160000000,  -0.20000,
-0.012140000000,  -0.20000,
-0.012120000000,  -0.20000,
-0.012100000000,  -0.20000,
-0.012080000000,  -0.20000,
-0.012060000000,  -0.20000,
-0.012040000000,  -0.20000,
-0.012020000000,  -0.20000,
-0.012000000000,  -0.20000,
-0.011980000000,  -0.20000,
-0.011960000000,  -0.20000,
-0.011940000000,  -0.20000,
-0.011920000000,  -0.16000,
-0.011900000000,  -0.16000,
-0.011880000000,  -0.20000,
-0.011860000000,  -0.20000,
-0.011840000000,  -0.16000,
-0.011820000000,  -0.16000,
-0.011800000000,  -0.16000,
-0.011780000000,  -0.20000,
-0.011760000000,  -0.20000,
-0.011740000000,  -0.16000,
-0.011720000000,  -0.20000,
-0.011700000000,  -0.16000,
-0.011680000000,  -0.16000,
-0.011660000000,  -0.16000,
-0.011640000000,  -0.16000,
-0.011620000000,  -0.20000,
-0.011600000000,  -0.16000,
-0.011580000000,  -0.16000,
-0.011560000000,  -0.16000,
-0.011540000000,  -0.16000,
-0.011520000000,  -0.16000,
-0.011500000000,  -0.16000,
-0.011480000000,  -0.20000,
-0.011460000000,  -0.16000,
-0.011440000000,  -0.16000,
-0.011420000000,  -0.16000,
-0.011400000000,  -0.16000,
-0.011380000000,  -0.16000,
-0.011360000000,  -0.16000,
-0.011340000000,  -0.16000,
-0.011320000000,  -0.16000,
-0.011300000000,  -0.16000,
-0.011280000000,  -0.16000,
-0.011260000000,  -0.16000,
-0.011240000000,  -0.16000,
-0.011220000000,  -0.16000,
-0.011200000000,  -0.16000,
-0.011180000000,  -0.16000,
-0.011160000000,  -0.16000,
-0.011140000000,  -0.16000,
-0.011120000000,  -0.12000,
-0.011100000000,  -0.16000,
-0.011080000000,  -0.12000,
-0.011060000000,  -0.12000,
-0.011040000000,  -0.12000,
-0.011020000000,  -0.12000,
-0.011000000000,  -0.12000,
-0.010980000000,  -0.12000,
-0.010960000000,  -0.12000,
-0.010940000000,  -0.12000,
-0.010920000000,  -0.12000,
-0.010900000000,  -0.12000,
-0.010880000000,  -0.12000,
-0.010860000000,  -0.12000,
-0.010840000000,  -0.12000,
-0.010820000000,  -0.12000,
-0.010800000000,  -0.16000,
-0.010780000000,  -0.12000,
-0.010760000000,  -0.12000,
-0.010740000000,  -0.12000,
-0.010720000000,  -0.12000,
-0.010700000000,  -0.12000,
-0.010680000000,  -0.12000,
-0.010660000000,  -0.12000,
-0.010640000000,  -0.12000,
-0.010620000000,  -0.12000,
-0.010600000000,  -0.12000,
-0.010580000000,  -0.12000,
-0.010560000000,  -0.08000,
-0.010540000000,  -0.12000,
-0.010520000000,  -0.12000,
-0.010500000000,  -0.12000,
-0.010480000000,  -0.12000,
-0.010460000000,  -0.12000,
-0.010440000000,  -0.12000,
-0.010420000000,  -0.08000,
-0.010400000000,  -0.08000,
-0.010380000000,  -0.12000,
-0.010360000000,  -0.12000,
-0.010340000000,  -0.12000,
-0.010320000000,  -0.08000,
-0.010300000000,  -0.08000,
-0.010280000000,  -0.08000,
-0.010260000000,  -0.12000,
-0.010240000000,  -0.12000,
-0.010220000000,  -0.08000,
-0.010200000000,  -0.08000,
-0.010180000000,  -0.08000,
-0.010160000000,  -0.08000,
-0.010140000000,  -0.08000,
-0.010120000000,  -0.08000,
-0.010100000000,  -0.08000,
-0.010080000000,  -0.08000,
-0.010060000000,  -0.12000,
-0.010040000000,  -0.08000,
-0.010020000000,  -0.04000,
-0.010000000000,  -0.08000,
-0.009980000000,  -0.08000,
-0.009960000000,  -0.08000,
-0.009940000000,  -0.04000,
-0.009920000000,  -0.08000,
-0.009900000000,  -0.08000,
-0.009880000000,  -0.04000,
-0.009860000000,  -0.08000,
-0.009840000000,  -0.08000,
-0.009820000000,  -0.04000,
-0.009800000000,  -0.08000,
-0.009780000000,  -0.04000,
-0.009760000000,  -0.04000,
-0.009740000000,  -0.04000,
-0.009720000000,  -0.04000,
-0.009700000000,  -0.04000,
-0.009680000000,  -0.04000,
-0.009660000000,  -0.04000,
-0.009640000000,  -0.08000,
-0.009620000000,  -0.04000,
-0.009600000000,  -0.04000,
-0.009580000000,  -0.04000,
-0.009560000000,  -0.04000,
-0.009540000000,  -0.04000,
-0.009520000000,  -0.04000,
-0.009500000000,  -0.04000,
-0.009480000000,  -0.04000,
-0.009460000000,  -0.04000,
-0.009440000000,  -0.04000,
-0.009420000000,  -0.04000,
-0.009400000000,  -0.04000,
-0.009380000000,  -0.04000,
-0.009360000000,   0.00000,
-0.009340000000,  -0.04000,
-0.009320000000,  -0.04000,
-0.009300000000,  -0.04000,
-0.009280000000,  -0.04000,
-0.009260000000,   0.00000,
-0.009240000000,   0.00000,
-0.009220000000,   0.00000,
-0.009200000000,   0.00000,
-0.009180000000,  -0.04000,
-0.009160000000,   0.00000,
-0.009140000000,   0.00000,
-0.009120000000,   0.00000,
-0.009100000000,   0.00000,
-0.009080000000,   0.00000,
-0.009060000000,   0.00000,
-0.009040000000,   0.00000,
-0.009020000000,   0.00000,
-0.009000000000,  -0.04000,
-0.008980000000,   0.00000,
-0.008960000000,   0.00000,
-0.008940000000,   0.00000,
-0.008920000000,   0.00000,
-0.008900000000,   0.00000,
-0.008880000000,   0.00000,
-0.008860000000,   0.00000,
-0.008840000000,   0.00000,
-0.008820000000,   0.00000,
-0.008800000000,   0.00000,
-0.008780000000,   0.00000,
-0.008760000000,   0.00000,
-0.008740000000,   0.00000,
-0.008720000000,   0.00000,
-0.008700000000,   0.00000,
-0.008680000000,   0.00000,
-0.008660000000,   0.00000,
-0.008640000000,   0.00000,
-0.008620000000,   0.00000,
-0.008600000000,   0.00000,
-0.008580000000,   0.00000,
-0.008560000000,   0.04000,
-0.008540000000,   0.04000,
-0.008520000000,   0.04000,
-0.008500000000,   0.04000,
-0.008480000000,   0.04000,
-0.008460000000,   0.00000,
-0.008440000000,   0.04000,
-0.008420000000,   0.04000,
-0.008400000000,   0.04000,
-0.008380000000,   0.04000,
-0.008360000000,   0.04000,
-0.008340000000,   0.04000,
-0.008320000000,   0.04000,
-0.008300000000,   0.04000,
-0.008280000000,   0.04000,
-0.008260000000,   0.04000,
-0.008240000000,   0.04000,
-0.008220000000,   0.04000,
-0.008200000000,   0.04000,
-0.008180000000,   0.04000,
-0.008160000000,   0.08000,
-0.008140000000,   0.04000,
-0.008120000000,   0.04000,
-0.008100000000,   0.04000,
-0.008080000000,   0.04000,
-0.008060000000,   0.04000,
-0.008040000000,   0.04000,
-0.008020000000,   0.04000,
-0.008000000000,   0.04000,
-0.007980000000,   0.04000,
-0.007960000000,   0.04000,
-0.007940000000,   0.08000,
-0.007920000000,   0.04000,
-0.007900000000,   0.04000,
-0.007880000000,   0.08000,
-0.007860000000,   0.08000,
-0.007840000000,   0.04000,
-0.007820000000,   0.08000,
-0.007800000000,   0.08000,
-0.007780000000,   0.08000,
-0.007760000000,   0.04000,
-0.007740000000,   0.08000,
-0.007720000000,   0.08000,
-0.007700000000,   0.08000,
-0.007680000000,   0.08000,
-0.007660000000,   0.08000,
-0.007640000000,   0.08000,
-0.007620000000,   0.08000,
-0.007600000000,   0.08000,
-0.007580000000,   0.08000,
-0.007560000000,   0.08000,
-0.007540000000,   0.08000,
-0.007520000000,   0.08000,
-0.007500000000,   0.08000,
-0.007480000000,   0.08000,
-0.007460000000,   0.08000,
-0.007440000000,   0.08000,
-0.007420000000,   0.08000,
-0.007400000000,   0.08000,
-0.007380000000,   0.08000,
-0.007360000000,   0.08000,
-0.007340000000,   0.08000,
-0.007320000000,   0.08000,
-0.007300000000,   0.08000,
-0.007280000000,   0.12000,
-0.007260000000,   0.12000,
-0.007240000000,   0.08000,
-0.007220000000,   0.08000,
-0.007200000000,   0.12000,
-0.007180000000,   0.12000,
-0.007160000000,   0.08000,
-0.007140000000,   0.12000,
-0.007120000000,   0.12000,
-0.007100000000,   0.12000,
-0.007080000000,   0.12000,
-0.007060000000,   0.08000,
-0.007040000000,   0.12000,
-0.007020000000,   0.12000,
-0.007000000000,   0.12000,
-0.006980000000,   0.12000,
-0.006960000000,   0.08000,
-0.006940000000,   0.12000,
-0.006920000000,   0.12000,
-0.006900000000,   0.12000,
-0.006880000000,   0.12000,
-0.006860000000,   0.12000,
-0.006840000000,   0.12000,
-0.006820000000,   0.12000,
-0.006800000000,   0.12000,
-0.006780000000,   0.12000,
-0.006760000000,   0.12000,
-0.006740000000,   0.12000,
-0.006720000000,   0.12000,
-0.006700000000,   0.12000,
-0.006680000000,   0.12000,
-0.006660000000,   0.16000,
-0.006640000000,   0.12000,
-0.006620000000,   0.12000,
-0.006600000000,   0.12000,
-0.006580000000,   0.12000,
-0.006560000000,   0.12000,
-0.006540000000,   0.16000,
-0.006520000000,   0.12000,
-0.006500000000,   0.16000,
-0.006480000000,   0.16000,
-0.006460000000,   0.12000,
-0.006440000000,   0.16000,
-0.006420000000,   0.12000,
-0.006400000000,   0.16000,
-0.006380000000,   0.16000,
-0.006360000000,   0.16000,
-0.006340000000,   0.12000,
-0.006320000000,   0.16000,
-0.006300000000,   0.16000,
-0.006280000000,   0.12000,
-0.006260000000,   0.16000,
-0.006240000000,   0.16000,
-0.006220000000,   0.16000,
-0.006200000000,   0.16000,
-0.006180000000,   0.16000,
-0.006160000000,   0.16000,
-0.006140000000,   0.16000,
-0.006120000000,   0.16000,
-0.006100000000,   0.16000,
-0.006080000000,   0.16000,
-0.006060000000,   0.16000,
-0.006040000000,   0.16000,
-0.006020000000,   0.16000,
-0.006000000000,   0.16000,
-0.005980000000,   0.16000,
-0.005960000000,   0.16000,
-0.005940000000,   0.16000,
-0.005920000000,   0.16000,
-0.005900000000,   0.16000,
-0.005880000000,   0.16000,
-0.005860000000,   0.16000,
-0.005840000000,   0.16000,
-0.005820000000,   0.16000,
-0.005800000000,   0.16000,
-0.005780000000,   0.16000,
-0.005760000000,   0.20000,
-0.005740000000,   0.16000,
-0.005720000000,   0.16000,
-0.005700000000,   0.20000,
-0.005680000000,   0.20000,
-0.005660000000,   0.16000,
-0.005640000000,   0.20000,
-0.005620000000,   0.20000,
-0.005600000000,   0.20000,
-0.005580000000,   0.20000,
-0.005560000000,   0.20000,
-0.005540000000,   0.20000,
-0.005520000000,   0.20000,
-0.005500000000,   0.20000,
-0.005480000000,   0.20000,
-0.005460000000,   0.24000,
-0.005440000000,   0.20000,
-0.005420000000,   0.20000,
-0.005400000000,   0.20000,
-0.005380000000,   0.20000,
-0.005360000000,   0.24000,
-0.005340000000,   0.20000,
-0.005320000000,   0.20000,
-0.005300000000,   0.24000,
-0.005280000000,   0.20000,
-0.005260000000,   0.24000,
-0.005240000000,   0.20000,
-0.005220000000,   0.20000,
-0.005200000000,   0.20000,
-0.005180000000,   0.24000,
-0.005160000000,   0.24000,
-0.005140000000,   0.24000,
-0.005120000000,   0.24000,
-0.005100000000,   0.20000,
-0.005080000000,   0.24000,
-0.005060000000,   0.24000,
-0.005040000000,   0.24000,
-0.005020000000,   0.24000,
-0.005000000000,   0.24000,
-0.004980000000,   0.24000,
-0.004960000000,   0.24000,
-0.004940000000,   0.24000,
-0.004920000000,   0.24000,
-0.004900000000,   0.24000,
-0.004880000000,   0.24000,
-0.004860000000,   0.24000,
-0.004840000000,   0.24000,
-0.004820000000,   0.24000,
-0.004800000000,   0.24000,
-0.004780000000,   0.24000,
-0.004760000000,   0.24000,
-0.004740000000,   0.24000,
-0.004720000000,   0.24000,
-0.004700000000,   0.24000,
-0.004680000000,   0.24000,
-0.004660000000,   0.24000,
-0.004640000000,   0.24000,
-0.004620000000,   0.24000,
-0.004600000000,   0.24000,
-0.004580000000,   0.24000,
-0.004560000000,   0.24000,
-0.004540000000,   0.24000,
-0.004520000000,   0.28000,
-0.004500000000,   0.24000,
-0.004480000000,   0.28000,
-0.004460000000,   0.24000,
-0.004440000000,   0.28000,
-0.004420000000,   0.24000,
-0.004400000000,   0.28000,
-0.004380000000,   0.28000,
-0.004360000000,   0.28000,
-0.004340000000,   0.28000,
-0.004320000000,   0.28000,
-0.004300000000,   0.28000,
-0.004280000000,   0.28000,
-0.004260000000,   0.28000,
-0.004240000000,   0.28000,
-0.004220000000,   0.28000,
-0.004200000000,   0.28000,
-0.004180000000,   0.28000,
-0.004160000000,   0.28000,
-0.004140000000,   0.28000,
-0.004120000000,   0.28000,
-0.004100000000,   0.32000,
-0.004080000000,   0.28000,
-0.004060000000,   0.28000,
-0.004040000000,   0.28000,
-0.004020000000,   0.28000,
-0.004000000000,   0.28000,
-0.003980000000,   0.32000,
-0.003960000000,   0.28000,
-0.003940000000,   0.32000,
-0.003920000000,   0.28000,
-0.003900000000,   0.28000,
-0.003880000000,   0.28000,
-0.003860000000,   0.32000,
-0.003840000000,   0.28000,
-0.003820000000,   0.32000,
-0.003800000000,   0.32000,
-0.003780000000,   0.32000,
-0.003760000000,   0.32000,
-0.003740000000,   0.28000,
-0.003720000000,   0.32000,
-0.003700000000,   0.32000,
-0.003680000000,   0.32000,
-0.003660000000,   0.32000,
-0.003640000000,   0.32000,
-0.003620000000,   0.32000,
-0.003600000000,   0.32000,
-0.003580000000,   0.32000,
-0.003560000000,   0.32000,
-0.003540000000,   0.32000,
-0.003520000000,   0.32000,
-0.003500000000,   0.32000,
-0.003480000000,   0.32000,
-0.003460000000,   0.32000,
-0.003440000000,   0.36000,
-0.003420000000,   0.36000,
-0.003400000000,   0.32000,
-0.003380000000,   0.32000,
-0.003360000000,   0.36000,
-0.003340000000,   0.32000,
-0.003320000000,   0.32000,
-0.003300000000,   0.32000,
-0.003280000000,   0.32000,
-0.003260000000,   0.36000,
-0.003240000000,   0.36000,
-0.003220000000,   0.32000,
-0.003200000000,   0.36000,
-0.003180000000,   0.36000,
-0.003160000000,   0.36000,
-0.003140000000,   0.32000,
-0.003120000000,   0.36000,
-0.003100000000,   0.36000,
-0.003080000000,   0.36000,
-0.003060000000,   0.36000,
-0.003040000000,   0.32000,
-0.003020000000,   0.36000,
-0.003000000000,   0.36000,
-0.002980000000,   0.36000,
-0.002960000000,   0.36000,
-0.002940000000,   0.36000,
-0.002920000000,   0.36000,
-0.002900000000,   0.36000,
-0.002880000000,   0.36000,
-0.002860000000,   0.36000,
-0.002840000000,   0.36000,
-0.002820000000,   0.36000,
-0.002800000000,   0.36000,
-0.002780000000,   0.36000,
-0.002760000000,   0.36000,
-0.002740000000,   0.36000,
-0.002720000000,   0.36000,
-0.002700000000,   0.36000,
-0.002680000000,   0.36000,
-0.002660000000,   0.36000,
-0.002640000000,   0.36000,
-0.002620000000,   0.36000,
-0.002600000000,   0.36000,
-0.002580000000,   0.40000,
-0.002560000000,   0.36000,
-0.002540000000,   0.36000,
-0.002520000000,   0.36000,
-0.002500000000,   0.36000,
-0.002480000000,   0.40000,
-0.002460000000,   0.36000,
-0.002440000000,   0.40000,
-0.002420000000,   0.40000,
-0.002400000000,   0.40000,
-0.002380000000,   0.40000,
-0.002360000000,   0.40000,
-0.002340000000,   0.40000,
-0.002320000000,   0.40000,
-0.002300000000,   0.40000,
-0.002280000000,   0.40000,
-0.002260000000,   0.40000,
-0.002240000000,   0.40000,
-0.002220000000,   0.40000,
-0.002200000000,   0.40000,
-0.002180000000,   0.40000,
-0.002160000000,   0.40000,
-0.002140000000,   0.40000,
-0.002120000000,   0.40000,
-0.002100000000,   0.40000,
-0.002080000000,   0.40000,
-0.002060000000,   0.40000,
-0.002040000000,   0.40000,
-0.002020000000,   0.40000,
-0.002000000000,   0.44000,
-0.001980000000,   0.40000,
-0.001960000000,   0.44000,
-0.001940000000,   0.40000,
-0.001920000000,   0.44000,
-0.001900000000,   0.40000,
-0.001880000000,   0.40000,
-0.001860000000,   0.40000,
-0.001840000000,   0.44000,
-0.001820000000,   0.40000,
-0.001800000000,   0.44000,
-0.001780000000,   0.44000,
-0.001760000000,   0.44000,
-0.001740000000,   0.44000,
-0.001720000000,   0.44000,
-0.001700000000,   0.40000,
-0.001680000000,   0.44000,
-0.001660000000,   0.44000,
-0.001640000000,   0.44000,
-0.001620000000,   0.44000,
-0.001600000000,   0.44000,
-0.001580000000,   0.44000,
-0.001560000000,   0.44000,
-0.001540000000,   0.44000,
-0.001520000000,   0.44000,
-0.001500000000,   0.44000,
-0.001480000000,   0.44000,
-0.001460000000,   0.44000,
-0.001440000000,   0.44000,
-0.001420000000,   0.44000,
-0.001400000000,   0.44000,
-0.001380000000,   0.44000,
-0.001360000000,   0.44000,
-0.001340000000,   0.48000,
-0.001320000000,   0.44000,
-0.001300000000,   0.44000,
-0.001280000000,   0.44000,
-0.001260000000,   0.44000,
-0.001240000000,   0.44000,
-0.001220000000,   0.44000,
-0.001200000000,   0.48000,
-0.001180000000,   0.48000,
-0.001160000000,   0.48000,
-0.001140000000,   0.48000,
-0.001120000000,   0.48000,
-0.001100000000,   0.44000,
-0.001080000000,   0.48000,
-0.001060000000,   0.44000,
-0.001040000000,   0.48000,
-0.001020000000,   0.44000,
-0.001000000000,   0.48000,
-0.000980000000,   0.48000,
-0.000960000000,   0.48000,
-0.000940000000,   0.48000,
-0.000920000000,   0.48000,
-0.000900000000,   0.48000,
-0.000880000000,   0.48000,
-0.000860000000,   0.48000,
-0.000840000000,   0.48000,
-0.000820000000,   0.48000,
-0.000800000000,   0.48000,
-0.000780000000,   0.48000,
-0.000760000000,   0.48000,
-0.000740000000,   0.48000,
-0.000720000000,   0.48000,
-0.000700000000,   0.48000,
-0.000680000000,   0.48000,
-0.000660000000,   0.48000,
-0.000640000000,   0.48000,
-0.000620000000,   0.52000,
-0.000600000000,   0.48000,
-0.000580000000,   0.48000,
-0.000560000000,   0.52000,
-0.000540000000,   0.48000,
-0.000520000000,   0.48000,
-0.000500000000,   0.48000,
-0.000480000000,   0.48000,
-0.000460000000,   0.48000,
-0.000440000000,   0.48000,
-0.000420000000,   0.52000,
-0.000400000000,   0.52000,
-0.000380000000,   0.48000,
-0.000360000000,   0.48000,
-0.000340000000,   0.52000,
-0.000320000000,   0.52000,
-0.000300000000,   0.52000,
-0.000280000000,   0.48000,
-0.000260000000,   0.52000,
-0.000240000000,   0.52000,
-0.000220000000,   0.52000,
-0.000200000000,   0.52000,
-0.000180000000,   0.52000,
-0.000160000000,   0.48000,
-0.000140000000,   0.52000,
-0.000120000000,   0.52000,
-0.000100000000,   0.52000,
-0.000080000000,   0.52000,
-0.000060000000,   0.52000,
-0.000040000000,   0.52000,
-0.000020000000,   0.52000,
-0.000000000000,   0.52000,
0.000020000000,   0.52000,
0.000040000000,   0.52000,
0.000060000000,   0.56000,
0.000080000000,   0.52000,
0.000100000000,   0.52000,
0.000120000000,   0.52000,
0.000140000000,   0.56000,
0.000160000000,   0.56000,
0.000180000000,   0.56000,
0.000200000000,   0.56000,
0.000220000000,   0.52000,
0.000240000000,   0.56000,
0.000260000000,   0.56000,
0.000280000000,   0.56000,
0.000300000000,   0.56000,
0.000320000000,   0.56000,
0.000340000000,   0.56000,
0.000360000000,   0.56000,
0.000380000000,   0.56000,
0.000400000000,   0.56000,
0.000420000000,   0.56000,
0.000440000000,   0.56000,
0.000460000000,   0.56000,
0.000480000000,   0.56000,
0.000500000000,   0.56000,
0.000520000000,   0.56000,
0.000540000000,   0.60000,
0.000560000000,   0.60000,
0.000580000000,   0.56000,
0.000600000000,   0.56000,
0.000620000000,   0.56000,
0.000640000000,   0.56000,
0.000660000000,   0.56000,
0.000680000000,   0.56000,
0.000700000000,   0.56000,
0.000720000000,   0.56000,
0.000740000000,   0.60000,
0.000760000000,   0.56000,
0.000780000000,   0.60000,
0.000800000000,   0.60000,
0.000820000000,   0.56000,
0.000840000000,   0.56000,
0.000860000000,   0.60000,
0.000880000000,   0.60000,
0.000900000000,   0.60000,
0.000920000000,   0.60000,
0.000940000000,   0.60000,
0.000960000000,   0.60000,
0.000980000000,   0.60000,
0.001000000000,   0.60000,
0.001020000000,   0.60000,
0.001040000000,   0.60000,
0.001060000000,   0.60000,
0.001080000000,   0.60000,
0.001100000000,   0.60000,
0.001120000000,   0.60000,
0.001140000000,   0.60000,
0.001160000000,   0.60000,
0.001180000000,   0.60000,
0.001200000000,   0.60000,
0.001220000000,   0.56000,
0.001240000000,   0.64000,
0.001260000000,   0.60000,
0.001280000000,   0.60000,
0.001300000000,   0.60000,
0.001320000000,   0.60000,
0.001340000000,   0.64000,
0.001360000000,   0.60000,
0.001380000000,   0.60000,
0.001400000000,   0.60000,
0.001420000000,   0.60000,
0.001440000000,   0.64000,
0.001460000000,   0.64000,
0.001480000000,   0.60000,
0.001500000000,   0.60000,
0.001520000000,   0.64000,
0.001540000000,   0.64000,
0.001560000000,   0.64000,
0.001580000000,   0.64000,
0.001600000000,   0.60000,
0.001620000000,   0.64000,
0.001640000000,   0.64000,
0.001660000000,   0.64000,
0.001680000000,   0.60000,
0.001700000000,   0.60000,
0.001720000000,   0.64000,
0.001740000000,   0.64000,
0.001760000000,   0.64000,
0.001780000000,   0.64000,
0.001800000000,   0.64000,
0.001820000000,   0.64000,
0.001840000000,   0.64000,
0.001860000000,   0.64000,
0.001880000000,   0.64000,
0.001900000000,   0.64000,
0.001920000000,   0.64000,
0.001940000000,   0.68000,
0.001960000000,   0.64000,
0.001980000000,   0.64000,
0.002000000000,   0.68000,
0.002020000000,   0.68000,
0.002040000000,   0.64000,
0.002060000000,   0.68000,
0.002080000000,   0.68000,
0.002100000000,   0.64000,
0.002120000000,   0.64000,
0.002140000000,   0.68000,
0.002160000000,   0.68000,
0.002180000000,   0.68000,
0.002200000000,   0.68000,
0.002220000000,   0.68000,
0.002240000000,   0.68000,
0.002260000000,   0.68000,
0.002280000000,   0.68000,
0.002300000000,   0.68000,
0.002320000000,   0.68000,
0.002340000000,   0.68000,
0.002360000000,   0.68000,
0.002380000000,   0.68000,
0.002400000000,   0.68000,
0.002420000000,   0.68000,
0.002440000000,   0.68000,
0.002460000000,   0.68000,
0.002480000000,   0.68000,
0.002500000000,   0.72000,
0.002520000000,   0.68000,
0.002540000000,   0.68000,
0.002560000000,   0.68000,
0.002580000000,   0.68000,
0.002600000000,   0.68000,
0.002620000000,   0.68000,
0.002640000000,   0.68000,
0.002660000000,   0.72000,
0.002680000000,   0.68000,
0.002700000000,   0.68000,
0.002720000000,   0.68000,
0.002740000000,   0.72000,
0.002760000000,   0.72000,
0.002780000000,   0.72000,
0.002800000000,   0.72000,
0.002820000000,   0.72000,
0.002840000000,   0.72000,
0.002860000000,   0.72000,
0.002880000000,   0.72000,
0.002900000000,   0.72000,
0.002920000000,   0.72000,
0.002940000000,   0.72000,
0.002960000000,   0.72000,
0.002980000000,   0.72000,
0.003000000000,   0.72000,
0.003020000000,   0.72000,
0.003040000000,   0.72000,
0.003060000000,   0.72000,
0.003080000000,   0.72000,
0.003100000000,   0.72000,
0.003120000000,   0.72000,
0.003140000000,   0.72000,
0.003160000000,   0.72000,
0.003180000000,   0.72000,
0.003200000000,   0.72000,
0.003220000000,   0.72000,
0.003240000000,   0.72000,
0.003260000000,   0.72000,
0.003280000000,   0.72000,
0.003300000000,   0.76000,
0.003320000000,   0.72000,
0.003340000000,   0.72000,
0.003360000000,   0.72000,
0.003380000000,   0.72000,
0.003400000000,   0.72000,
0.003420000000,   0.76000,
0.003440000000,   0.72000,
0.003460000000,   0.72000,
0.003480000000,   0.76000,
0.003500000000,   0.72000,
0.003520000000,   0.76000,
0.003540000000,   0.72000,
0.003560000000,   0.76000,
0.003580000000,   0.76000,
0.003600000000,   0.72000,
0.003620000000,   0.76000,
0.003640000000,   0.76000,
0.003660000000,   0.76000,
0.003680000000,   0.72000,
0.003700000000,   0.76000,
0.003720000000,   0.76000,
0.003740000000,   0.76000,
0.003760000000,   0.76000,
0.003780000000,   0.76000,
0.003800000000,   0.76000,
0.003820000000,   0.76000,
0.003840000000,   0.76000,
0.003860000000,   0.76000,
0.003880000000,   0.76000,
0.003900000000,   0.76000,
0.003920000000,   0.76000,
0.003940000000,   0.76000,
0.003960000000,   0.76000,
0.003980000000,   0.76000,
0.004000000000,   0.80000,
0.004020000000,   0.76000,
0.004040000000,   0.80000,
0.004060000000,   0.80000,
0.004080000000,   0.80000,
0.004100000000,   0.76000,
0.004120000000,   0.76000,
0.004140000000,   0.80000,
0.004160000000,   0.80000,
0.004180000000,   0.80000,
0.004200000000,   0.76000,
0.004220000000,   0.80000,
0.004240000000,   0.80000,
0.004260000000,   0.80000,
0.004280000000,   0.80000,
0.004300000000,   0.80000,
0.004320000000,   0.80000,
0.004340000000,   0.80000,
0.004360000000,   0.80000,
0.004380000000,   0.80000,
0.004400000000,   0.80000,
0.004420000000,   0.80000,
0.004440000000,   0.80000,
0.004460000000,   0.80000,
0.004480000000,   0.80000,
0.004500000000,   0.80000,
0.004520000000,   0.80000,
0.004540000000,   0.80000,
0.004560000000,   0.80000,
0.004580000000,   0.80000,
0.004600000000,   0.80000,
0.004620000000,   0.80000,
0.004640000000,   0.80000,
0.004660000000,   0.84000,
0.004680000000,   0.84000,
0.004700000000,   0.80000,
0.004720000000,   0.80000,
0.004740000000,   0.80000,
0.004760000000,   0.80000,
0.004780000000,   0.80000,
0.004800000000,   0.84000,
0.004820000000,   0.80000,
0.004840000000,   0.84000,
0.004860000000,   0.80000,
0.004880000000,   0.84000,
0.004900000000,   0.80000,
0.004920000000,   0.80000,
0.004940000000,   0.84000,
0.004960000000,   0.80000,
0.004980000000,   0.80000,
0.005000000000,   0.84000,
0.005020000000,   0.84000,
0.005040000000,   0.80000,
0.005060000000,   0.84000,
0.005080000000,   0.84000,
0.005100000000,   0.84000,
0.005120000000,   0.84000,
0.005140000000,   0.84000,
0.005160000000,   0.84000,
0.005180000000,   0.84000,
0.005200000000,   0.84000,
0.005220000000,   0.84000,
0.005240000000,   0.84000,
0.005260000000,   0.84000,
0.005280000000,   0.84000,
0.005300000000,   0.84000,
0.005320000000,   0.84000,
0.005340000000,   0.84000,
0.005360000000,   0.88000,
0.005380000000,   0.84000,
0.005400000000,   0.84000,
0.005420000000,   0.84000,
0.005440000000,   0.88000,
0.005460000000,   0.84000,
0.005480000000,   0.88000,
0.005500000000,   0.84000,
0.005520000000,   0.84000,
0.005540000000,   0.84000,
0.005560000000,   0.84000,
0.005580000000,   0.84000,
0.005600000000,   0.88000,
0.005620000000,   0.84000,
0.005640000000,   0.84000,
0.005660000000,   0.84000,
0.005680000000,   0.84000,
0.005700000000,   0.84000,
0.005720000000,   0.88000,
0.005740000000,   0.88000,
0.005760000000,   0.88000,
0.005780000000,   0.84000,
0.005800000000,   0.88000,
0.005820000000,   0.84000,
0.005840000000,   0.88000,
0.005860000000,   0.88000,
0.005880000000,   0.88000,
0.005900000000,   0.88000,
0.005920000000,   0.88000,
0.005940000000,   0.88000,
0.005960000000,   0.88000,
0.005980000000,   0.88000,
0.006000000000,   0.88000,
0.006020000000,   0.88000,
0.006040000000,   0.88000,
0.006060000000,   0.88000,
0.006080000000,   0.88000,
0.006100000000,   0.88000,
0.006120000000,   0.88000,
0.006140000000,   0.88000,
0.006160000000,   0.88000,
0.006180000000,   0.92000,
0.006200000000,   0.88000,
0.006220000000,   0.88000,
0.006240000000,   0.88000,
0.006260000000,   0.92000,
0.006280000000,   0.88000,
0.006300000000,   0.92000,
0.006320000000,   0.92000,
0.006340000000,   0.92000,
0.006360000000,   0.92000,
0.006380000000,   0.92000,
0.006400000000,   0.92000,
0.006420000000,   0.92000,
0.006440000000,   0.92000,
0.006460000000,   0.92000,
0.006480000000,   0.92000,
0.006500000000,   0.92000,
0.006520000000,   0.92000,
0.006540000000,   0.92000,
0.006560000000,   0.92000,
0.006580000000,   0.92000,
0.006600000000,   0.92000,
0.006620000000,   0.96000,
0.006640000000,   0.92000,
0.006660000000,   0.92000,
0.006680000000,   0.92000,
0.006700000000,   0.92000,
0.006720000000,   0.92000,
0.006740000000,   0.92000,
0.006760000000,   0.92000,
0.006780000000,   0.92000,
0.006800000000,   0.96000,
0.006820000000,   0.92000,
0.006840000000,   0.96000,
0.006860000000,   0.96000,
0.006880000000,   0.92000,
0.006900000000,   0.96000,
0.006920000000,   0.92000,
0.006940000000,   0.92000,
0.006960000000,   0.96000,
0.006980000000,   0.96000,
0.007000000000,   0.92000,
0.007020000000,   0.96000,
0.007040000000,   0.92000,
0.007060000000,   0.96000,
0.007080000000,   0.96000,
0.007100000000,   0.96000,
0.007120000000,   0.96000,
0.007140000000,   0.96000,
0.007160000000,   0.96000,
0.007180000000,   0.96000,
0.007200000000,   0.96000,
0.007220000000,   0.96000,
0.007240000000,   0.96000,
0.007260000000,   0.96000,
0.007280000000,   0.96000,
0.007300000000,   0.96000,
0.007320000000,   0.96000,
0.007340000000,   0.96000,
0.007360000000,   0.96000,
0.007380000000,   0.96000,
0.007400000000,   0.96000,
0.007420000000,   0.96000,
0.007440000000,   1.00000,
0.007460000000,   0.96000,
0.007480000000,   0.96000,
0.007500000000,   0.96000,
0.007520000000,   1.00000,
0.007540000000,   1.00000,
0.007560000000,   1.00000,
0.007580000000,   1.00000,
0.007600000000,   0.96000,
0.007620000000,   1.00000,
0.007640000000,   0.96000,
0.007660000000,   1.00000,
0.007680000000,   0.96000,
0.007700000000,   0.96000,
0.007720000000,   1.00000,
0.007740000000,   1.00000,
0.007760000000,   1.00000,
0.007780000000,   1.00000,
0.007800000000,   1.00000,
0.007820000000,   1.00000,
0.007840000000,   1.00000,
0.007860000000,   1.00000,
0.007880000000,   1.00000,
0.007900000000,   1.00000,
0.007920000000,   1.00000,
0.007940000000,   1.00000,
0.007960000000,   1.00000,
0.007980000000,   1.00000,
0.008000000000,   1.00000,
0.008020000000,   1.00000,
0.008040000000,   1.00000,
0.008060000000,   1.00000,
0.008080000000,   1.04000,
0.008100000000,   1.04000,
0.008120000000,   1.04000,
0.008140000000,   1.00000,
0.008160000000,   1.04000,
0.008180000000,   1.04000,
0.008200000000,   1.04000,
0.008220000000,   1.04000,
0.008240000000,   1.04000,
0.008260000000,   1.00000,
0.008280000000,   1.00000,
0.008300000000,   1.00000,
0.008320000000,   1.00000,
0.008340000000,   1.04000,
0.008360000000,   1.04000,
0.008380000000,   1.04000,
0.008400000000,   1.04000,
0.008420000000,   1.04000,
0.008440000000,   1.04000,
0.008460000000,   1.04000,
0.008480000000,   1.04000,
0.008500000000,   1.04000,
0.008520000000,   1.04000,
0.008540000000,   1.04000,
0.008560000000,   1.04000,
0.008580000000,   1.04000,
0.008600000000,   1.04000,
0.008620000000,   1.08000,
0.008640000000,   1.08000,
0.008660000000,   1.04000,
0.008680000000,   1.04000,
0.008700000000,   1.04000,
0.008720000000,   1.04000,
0.008740000000,   1.04000,
0.008760000000,   1.08000,
0.008780000000,   1.04000,
0.008800000000,   1.08000,
0.008820000000,   1.08000,
0.008840000000,   1.08000,
0.008860000000,   1.04000,
0.008880000000,   1.04000,
0.008900000000,   1.08000,
0.008920000000,   1.04000,
0.008940000000,   1.08000,
0.008960000000,   1.04000,
0.008980000000,   1.08000,
0.009000000000,   1.08000,
0.009020000000,   1.08000,
0.009040000000,   1.08000,
0.009060000000,   1.08000,
0.009080000000,   1.08000,
0.009100000000,   1.08000,
0.009120000000,   1.08000,
0.009140000000,   1.08000,
0.009160000000,   1.08000,
0.009180000000,   1.08000,
0.009200000000,   1.08000,
0.009220000000,   1.08000,
0.009240000000,   1.08000,
0.009260000000,   1.08000,
0.009280000000,   1.08000,
0.009300000000,   1.08000,
0.009320000000,   1.08000,
0.009340000000,   1.08000,
0.009360000000,   1.12000,
0.009380000000,   1.12000,
0.009400000000,   1.08000,
0.009420000000,   1.12000,
0.009440000000,   1.08000,
0.009460000000,   1.08000,
0.009480000000,   1.08000,
0.009500000000,   1.12000,
0.009520000000,   1.12000,
0.009540000000,   1.08000,
0.009560000000,   1.08000,
0.009580000000,   1.12000,
0.009600000000,   1.12000,
0.009620000000,   1.12000,
0.009640000000,   1.12000,
0.009660000000,   1.08000,
0.009680000000,   1.12000,
0.009700000000,   1.12000,
0.009720000000,   1.12000,
0.009740000000,   1.08000,
0.009760000000,   1.12000,
0.009780000000,   1.12000,
0.009800000000,   1.12000,
0.009820000000,   1.12000,
0.009840000000,   1.08000,
0.009860000000,   1.12000,
0.009880000000,   1.12000,
0.009900000000,   1.12000,
0.009920000000,   1.12000,
0.009940000000,   1.12000,
0.009960000000,   1.12000,
0.009980000000,   1.12000,
0.010000000000,   1.12000,
0.010020000000,   1.12000,
0.010040000000,   1.16000,
0.010060000000,   1.12000,
0.010080000000,   1.16000,
0.010100000000,   1.12000,
0.010120000000,   1.12000,
0.010140000000,   1.12000,
0.010160000000,   1.16000,
0.010180000000,   1.12000,
0.010200000000,   1.12000,
0.010220000000,   1.16000,
0.010240000000,   1.16000,
0.010260000000,   1.12000,
0.010280000000,   1.16000,
0.010300000000,   1.16000,
0.010320000000,   1.16000,
0.010340000000,   1.16000,
0.010360000000,   1.16000,
0.010380000000,   1.16000,
0.010400000000,   1.16000,
0.010420000000,   1.16000,
0.010440000000,   1.16000,
0.010460000000,   1.16000,
0.010480000000,   1.16000,
0.010500000000,   1.16000,
0.010520000000,   1.16000,
0.010540000000,   1.16000,
0.010560000000,   1.16000,
0.010580000000,   1.16000,
0.010600000000,   1.16000,
0.010620000000,   1.16000,
0.010640000000,   1.16000,
0.010660000000,   1.16000,
0.010680000000,   1.16000,
0.010700000000,   1.16000,
0.010720000000,   1.16000,
0.010740000000,   1.20000,
0.010760000000,   1.16000,
0.010780000000,   1.16000,
0.010800000000,   1.16000,
0.010820000000,   1.20000,
0.010840000000,   1.20000,
0.010860000000,   1.16000,
0.010880000000,   1.20000,
0.010900000000,   1.20000,
0.010920000000,   1.16000,
0.010940000000,   1.20000,
0.010960000000,   1.16000,
0.010980000000,   1.16000,
0.011000000000,   1.20000,
0.011020000000,   1.16000,
0.011040000000,   1.20000,
0.011060000000,   1.20000,
0.011080000000,   1.20000,
0.011100000000,   1.20000,
0.011120000000,   1.20000,
0.011140000000,   1.20000,
0.011160000000,   1.20000,
0.011180000000,   1.20000,
0.011200000000,   1.20000,
0.011220000000,   1.20000,
0.011240000000,   1.20000,
0.011260000000,   1.20000,
0.011280000000,   1.20000,
0.011300000000,   1.20000,
0.011320000000,   1.20000,
0.011340000000,   1.20000,
0.011360000000,   1.20000,
0.011380000000,   1.24000,
0.011400000000,   1.24000,
0.011420000000,   1.20000,
0.011440000000,   1.20000,
0.011460000000,   1.20000,
0.011480000000,   1.20000,
0.011500000000,   1.24000,
0.011520000000,   1.20000,
0.011540000000,   1.20000,
0.011560000000,   1.20000,
0.011580000000,   1.24000,
0.011600000000,   1.20000,
0.011620000000,   1.20000,
0.011640000000,   1.20000,
0.011660000000,   1.20000,
0.011680000000,   1.20000,
0.011700000000,   1.24000,
0.011720000000,   1.24000,
0.011740000000,   1.24000,
0.011760000000,   1.24000,
0.011780000000,   1.24000,
0.011800000000,   1.20000,
0.011820000000,   1.24000,
0.011840000000,   1.24000,
0.011860000000,   1.24000,
0.011880000000,   1.28000,
0.011900000000,   1.24000,
0.011920000000,   1.24000,
0.011940000000,   1.24000,
0.011960000000,   1.24000,
0.011980000000,   1.24000,
0.012000000000,   1.24000,
0.012020000000,   1.24000,
0.012040000000,   1.24000,
0.012060000000,   1.28000,
0.012080000000,   1.28000,
0.012100000000,   1.24000,
0.012120000000,   1.28000,
0.012140000000,   1.24000,
0.012160000000,   1.28000,
0.012180000000,   1.24000,
0.012200000000,   1.28000,
0.012220000000,   1.28000,
0.012240000000,   1.24000,
0.012260000000,   1.28000,
0.012280000000,   1.24000,
0.012300000000,   1.24000,
0.012320000000,   1.28000,
0.012340000000,   1.24000,
0.012360000000,   1.24000,
0.012380000000,   1.28000,
0.012400000000,   1.24000,
0.012420000000,   1.28000,
0.012440000000,   1.24000,
0.012460000000,   1.28000,
0.012480000000,   1.24000,
0.012500000000,   1.28000,
0.012520000000,   1.28000,
0.012540000000,   1.28000,
0.012560000000,   1.28000,
0.012580000000,   1.28000,
0.012600000000,   1.28000,
0.012620000000,   1.28000,
0.012640000000,   1.28000,
0.012660000000,   1.28000,
0.012680000000,   1.28000,
0.012700000000,   1.28000,
0.012720000000,   1.28000,
0.012740000000,   1.32000,
0.012760000000,   1.28000,
0.012780000000,   1.28000,
0.012800000000,   1.32000,
0.012820000000,   1.28000,
0.012840000000,   1.32000,
0.012860000000,   1.28000,
0.012880000000,   1.28000,
0.012900000000,   1.28000,
0.012920000000,   1.32000,
0.012940000000,   1.32000,
0.012960000000,   1.28000,
0.012980000000,   1.32000,
0.013000000000,   1.32000,
0.013020000000,   1.28000,
0.013040000000,   1.32000,
0.013060000000,   1.32000,
0.013080000000,   1.32000,
0.013100000000,   1.32000,
0.013120000000,   1.32000,
0.013140000000,   1.32000,
0.013160000000,   1.32000,
0.013180000000,   1.32000,
0.013200000000,   1.32000,
0.013220000000,   1.32000,
0.013240000000,   1.32000,
0.013260000000,   1.32000,
0.013280000000,   1.32000,
0.013300000000,   1.32000,
0.013320000000,   1.32000,
0.013340000000,   1.32000,
0.013360000000,   1.32000,
0.013380000000,   1.32000,
0.013400000000,   1.32000,
0.013420000000,   1.32000,
0.013440000000,   1.32000,
0.013460000000,   1.32000,
0.013480000000,   1.32000,
0.013500000000,   1.32000,
0.013520000000,   1.32000,
0.013540000000,   1.32000,
0.013560000000,   1.36000,
0.013580000000,   1.36000,
0.013600000000,   1.36000,
0.013620000000,   1.36000,
0.013640000000,   1.36000,
0.013660000000,   1.32000,
0.013680000000,   1.36000,
0.013700000000,   1.36000,
0.013720000000,   1.32000,
0.013740000000,   1.36000,
0.013760000000,   1.36000,
0.013780000000,   1.36000,
0.013800000000,   1.36000,
0.013820000000,   1.36000,
0.013840000000,   1.36000,
0.013860000000,   1.32000,
0.013880000000,   1.36000,
0.013900000000,   1.36000,
0.013920000000,   1.36000,
0.013940000000,   1.36000,
0.013960000000,   1.40000,
0.013980000000,   1.36000,
0.014000000000,   1.36000,
0.014020000000,   1.36000,
0.014040000000,   1.40000,
0.014060000000,   1.36000,
0.014080000000,   1.36000,
0.014100000000,   1.36000,
0.014120000000,   1.36000,
0.014140000000,   1.36000,
0.014160000000,   1.40000,
0.014180000000,   1.40000,
0.014200000000,   1.40000,
0.014220000000,   1.40000,
0.014240000000,   1.36000,
0.014260000000,   1.36000,
0.014280000000,   1.40000,
0.014300000000,   1.40000,
0.014320000000,   1.40000,
0.014340000000,   1.40000,
0.014360000000,   1.36000,
0.014380000000,   1.40000,
0.014400000000,   1.40000,
0.014420000000,   1.40000,
0.014440000000,   1.40000,
0.014460000000,   1.40000,
0.014480000000,   1.40000,
0.014500000000,   1.40000,
0.014520000000,   1.40000,
0.014540000000,   1.36000,
0.014560000000,   1.40000,
0.014580000000,   1.40000,
0.014600000000,   1.40000,
0.014620000000,   1.40000,
0.014640000000,   1.40000,
0.014660000000,   1.40000,
0.014680000000,   1.40000,
0.014700000000,   1.40000,
0.014720000000,   1.40000,
0.014740000000,   1.44000,
0.014760000000,   1.40000,
0.014780000000,   1.44000,
0.014800000000,   1.40000,
0.014820000000,   1.44000,
0.014840000000,   1.40000,
0.014860000000,   1.44000,
0.014880000000,   1.44000,
0.014900000000,   1.44000,
0.014920000000,   1.44000,
0.014940000000,   1.44000,
0.014960000000,   1.44000,
0.014980000000,   1.44000,
0.015000000000,   1.44000,
0.015020000000,   1.44000,
0.015040000000,   1.44000,
0.015060000000,   1.44000,
0.015080000000,   1.44000,
0.015100000000,   1.44000,
0.015120000000,   1.44000,
0.015140000000,   1.44000,
0.015160000000,   1.44000,
0.015180000000,   1.44000,
0.015200000000,   1.44000,
0.015220000000,   1.44000,
0.015240000000,   1.44000,
0.015260000000,   1.44000,
0.015280000000,   1.44000,
0.015300000000,   1.44000,
0.015320000000,   1.44000,
0.015340000000,   1.44000,
0.015360000000,   1.44000,
0.015380000000,   1.44000,
0.015400000000,   1.44000,
0.015420000000,   1.44000,
0.015440000000,   1.44000,
0.015460000000,   1.48000,
0.015480000000,   1.44000,
0.015500000000,   1.44000,
0.015520000000,   1.44000,
0.015540000000,   1.44000,
0.015560000000,   1.44000,
0.015580000000,   1.44000,
0.015600000000,   1.44000,
0.015620000000,   1.44000,
0.015640000000,   1.48000,
0.015660000000,   1.48000,
0.015680000000,   1.48000,
0.015700000000,   1.48000,
0.015720000000,   1.48000,
0.015740000000,   1.44000,
0.015760000000,   1.48000,
0.015780000000,   1.48000,
0.015800000000,   1.48000,
0.015820000000,   1.48000,
0.015840000000,   1.48000,
0.015860000000,   1.48000,
0.015880000000,   1.48000,
0.015900000000,   1.48000,
0.015920000000,   1.48000,
0.015940000000,   1.48000,
0.015960000000,   1.48000,
0.015980000000,   1.48000,
0.016000000000,   1.48000,
0.016020000000,   1.48000,
0.016040000000,   1.48000,
0.016060000000,   1.48000,
0.016080000000,   1.48000,
0.016100000000,   1.48000,
0.016120000000,   1.48000,
0.016140000000,   1.48000,
0.016160000000,   1.48000,
0.016180000000,   1.48000,
0.016200000000,   1.48000,
0.016220000000,   1.48000,
0.016240000000,   1.48000,
0.016260000000,   1.48000,
0.016280000000,   1.52000,
0.016300000000,   1.48000,
0.016320000000,   1.48000,
0.016340000000,   1.44000,
0.016360000000,   1.48000,
0.016380000000,   1.48000,